file,assim_no3_no2,denitr,DNRA,nh4_assim,nifh,nitrif,no3_reduct,remin
TOBG_ARS_1,4,0,0,4,0,0,6,4
TOBG_ARS_10,0,0,0,0,1,0,0,0
TOBG_ARS_100,1,0,0,3,0,0,1,0
TOBG_ARS_1004,2,0,0,5,0,0,0,1
TOBG_ARS_1005,1,0,0,1,0,0,0,0
TOBG_ARS_1007,2,0,0,2,1,0,0,0
TOBG_ARS_1008,0,0,0,1,0,0,0,2
TOBG_ARS_1009,3,0,0,1,0,0,2,2
TOBG_ARS_101,6,0,0,5,2,0,5,5
TOBG_ARS_1011,4,0,0,2,0,0,3,2
TOBG_ARS_1012,4,0,0,3,0,0,1,4
TOBG_ARS_1013,3,0,0,1,0,0,5,4
TOBG_ARS_1015,9,1,0,3,2,0,2,5
TOBG_ARS_1016,2,0,0,2,0,0,2,5
TOBG_ARS_1018,0,0,0,1,0,0,0,0
TOBG_ARS_1019,1,0,0,2,1,0,1,1
TOBG_ARS_102,1,1,0,0,0,0,0,0
TOBG_ARS_1020,4,0,0,1,0,0,9,1
TOBG_ARS_1021,1,1,0,1,1,0,0,1
TOBG_ARS_1023,0,1,0,2,1,0,0,1
TOBG_ARS_1024,2,0,0,2,0,0,1,1
TOBG_ARS_1025,1,0,0,1,0,0,2,2
TOBG_ARS_1026,1,0,0,4,1,0,2,2
TOBG_ARS_1028,3,0,0,1,0,0,4,2
TOBG_ARS_1029,9,0,0,4,0,0,6,0
TOBG_ARS_103,0,0,0,0,0,0,0,0
TOBG_ARS_1030,9,0,0,3,2,0,7,1
TOBG_ARS_1032,11,4,0,3,0,2,13,10
TOBG_ARS_1033,4,0,0,1,1,0,2,1
TOBG_ARS_1034,4,0,0,3,1,0,2,2
TOBG_ARS_1035,7,1,0,2,0,0,4,0
TOBG_ARS_1036,4,0,0,3,0,0,0,4
TOBG_ARS_1037,7,0,0,6,0,0,2,4
TOBG_ARS_1039,2,0,0,3,0,0,0,0
TOBG_ARS_104,2,0,0,4,0,0,0,3
TOBG_ARS_1040,0,0,0,1,0,0,0,1
TOBG_ARS_1041,0,0,0,0,0,0,0,0
TOBG_ARS_1043,3,0,0,2,1,0,2,3
TOBG_ARS_105,1,0,0,2,0,0,1,4
TOBG_ARS_106,2,0,0,0,0,0,0,0
TOBG_ARS_108,0,0,0,0,0,0,0,0
TOBG_ARS_109,0,0,0,0,0,0,0,1
TOBG_ARS_11,1,1,0,6,0,0,0,0
TOBG_ARS_112,14,0,0,2,0,0,5,4
TOBG_ARS_1126,0,0,0,0,0,0,0,0
TOBG_ARS_113,4,1,0,2,0,1,6,2
TOBG_ARS_1134,1,0,0,2,0,0,1,0
TOBG_ARS_115,5,0,0,1,0,0,0,4
TOBG_ARS_116,8,1,0,3,2,0,7,1
TOBG_ARS_1160,0,0,0,0,1,0,0,0
TOBG_ARS_1168,3,0,0,2,0,0,4,3
TOBG_ARS_117,4,0,0,5,0,0,4,1
TOBG_ARS_1172,1,0,0,1,0,0,0,0
TOBG_ARS_1176,2,0,0,1,0,0,0,0
TOBG_ARS_1178,0,1,0,1,0,0,0,0
TOBG_ARS_118,1,0,0,2,0,0,1,0
TOBG_ARS_1180,0,0,0,0,0,0,0,1
TOBG_ARS_1182,0,0,0,1,0,0,0,0
TOBG_ARS_1183,0,0,0,0,0,0,0,0
TOBG_ARS_1193,0,1,0,2,0,0,0,0
TOBG_ARS_1199,2,0,0,1,0,0,0,1
TOBG_ARS_12,9,0,0,6,0,0,3,3
TOBG_ARS_120,24,5,0,4,0,0,28,4
TOBG_ARS_1203,0,0,0,3,0,0,0,1
TOBG_ARS_121,0,1,0,2,0,0,0,4
TOBG_ARS_1215,4,0,0,4,0,0,5,2
TOBG_ARS_1224,2,0,0,2,1,0,1,2
TOBG_ARS_123,4,0,0,2,1,0,3,2
TOBG_ARS_124,0,0,0,3,0,1,0,0
TOBG_ARS_1246,2,3,0,0,0,0,3,3
TOBG_ARS_125,2,0,0,2,0,0,0,0
TOBG_ARS_1279,6,4,0,2,2,0,14,5
TOBG_ARS_1285,0,0,0,0,0,0,0,0
TOBG_ARS_1286,0,0,0,0,0,0,0,0
TOBG_ARS_1290,0,0,0,1,0,0,0,0
TOBG_ARS_1297,2,0,0,3,0,0,0,0
TOBG_ARS_1298,0,0,0,2,0,0,0,0
TOBG_ARS_13,1,1,0,4,1,0,1,1
TOBG_ARS_1301,0,0,0,0,0,0,0,0
TOBG_ARS_1304,0,0,0,1,0,0,0,0
TOBG_ARS_1307,0,0,0,0,0,0,0,0
TOBG_ARS_1309,0,0,0,0,1,0,0,0
TOBG_ARS_1310,1,0,0,1,2,0,1,1
TOBG_ARS_1318,0,0,0,0,0,0,0,0
TOBG_ARS_1330,6,0,0,2,0,0,8,5
TOBG_ARS_1333,2,0,0,1,0,0,0,2
TOBG_ARS_1334,1,1,0,0,0,0,0,0
TOBG_ARS_1358,0,1,0,1,1,0,0,0
TOBG_ARS_1360,1,0,0,0,0,0,0,0
TOBG_ARS_1386,0,0,0,1,1,0,0,0
TOBG_ARS_1394,0,0,0,1,0,0,0,0
TOBG_ARS_14,3,0,0,3,0,0,0,0
TOBG_ARS_1403,1,0,0,0,0,0,0,0
TOBG_ARS_1414,0,0,0,0,1,0,0,0
TOBG_ARS_1419,0,0,0,1,0,0,0,0
TOBG_ARS_1420,0,0,0,1,0,0,0,0
TOBG_ARS_1426,9,0,0,4,1,0,8,3
TOBG_ARS_1427,0,0,0,0,0,0,0,0
TOBG_ARS_1434,6,2,0,5,1,0,10,4
TOBG_ARS_1441,1,0,0,1,0,0,0,0
TOBG_ARS_15,5,1,0,7,1,1,15,2
TOBG_ARS_16,9,0,0,2,1,0,13,8
TOBG_ARS_17,7,1,0,3,0,1,15,2
TOBG_ARS_18,3,0,0,4,0,0,1,3
TOBG_ARS_19,1,0,0,1,0,0,0,2
TOBG_ARS_2,2,6,0,4,0,0,2,0
TOBG_ARS_20,8,0,0,5,1,0,1,4
TOBG_ARS_21,0,0,0,1,0,0,0,0
TOBG_ARS_22,4,0,0,2,0,0,1,4
TOBG_ARS_23,0,0,0,3,0,0,0,0
TOBG_ARS_24,1,0,0,3,0,0,0,3
TOBG_ARS_25,6,0,0,1,1,0,2,3
TOBG_ARS_26,10,0,0,3,0,0,3,2
TOBG_ARS_27,10,0,0,1,0,0,7,4
TOBG_ARS_28,6,0,0,3,0,0,2,3
TOBG_ARS_29,7,0,0,2,0,0,13,9
TOBG_ARS_3,13,1,0,4,2,0,4,2
TOBG_ARS_30,6,0,0,3,1,0,3,3
TOBG_ARS_31,18,0,0,2,0,0,41,4
TOBG_ARS_32,5,0,0,4,0,0,5,2
TOBG_ARS_33,2,0,0,3,0,0,1,1
TOBG_ARS_34,10,2,0,2,0,0,12,3
TOBG_ARS_35,5,0,0,4,0,1,7,5
TOBG_ARS_36,5,1,0,4,0,0,12,7
TOBG_ARS_37,1,0,0,3,0,0,0,2
TOBG_ARS_38,11,0,0,3,1,0,6,3
TOBG_ARS_39,1,0,0,3,0,0,3,2
TOBG_ARS_4,3,0,0,2,0,0,0,0
TOBG_ARS_40,4,0,0,1,0,0,3,4
TOBG_ARS_41,2,0,0,4,0,0,2,2
TOBG_ARS_42,7,0,0,3,0,0,6,2
TOBG_ARS_43,1,0,0,0,0,0,2,0
TOBG_ARS_44,2,0,0,1,0,0,5,0
TOBG_ARS_45,4,0,0,4,0,0,0,1
TOBG_ARS_46,14,0,0,11,0,0,14,10
TOBG_ARS_47,1,0,0,3,0,0,1,0
TOBG_ARS_48,10,0,0,0,0,0,5,0
TOBG_ARS_49,2,1,0,1,0,0,0,0
TOBG_ARS_5,12,0,0,5,1,0,5,7
TOBG_ARS_50,1,0,0,0,1,0,0,0
TOBG_ARS_51,9,1,0,8,0,0,5,3
TOBG_ARS_52,1,1,0,2,1,0,0,0
TOBG_ARS_53,0,0,0,0,0,0,0,0
TOBG_ARS_54,2,1,0,2,1,0,0,0
TOBG_ARS_55,0,0,0,4,0,0,0,0
TOBG_ARS_56,0,1,0,1,0,0,0,1
TOBG_ARS_57,1,0,0,0,0,0,0,0
TOBG_ARS_58,1,0,0,2,0,0,1,0
TOBG_ARS_59,5,0,0,6,0,0,4,4
TOBG_ARS_6,0,0,0,1,1,0,0,0
TOBG_ARS_60,2,0,0,2,0,0,2,1
TOBG_ARS_61,8,0,0,1,0,1,6,6
TOBG_ARS_62,7,1,0,2,0,0,2,4
TOBG_ARS_63,6,0,0,5,0,0,6,2
TOBG_ARS_64,3,0,1,4,1,0,2,3
TOBG_ARS_65,11,1,0,5,1,1,7,5
TOBG_ARS_66,12,2,1,4,0,0,14,6
TOBG_ARS_67,4,0,0,4,0,0,11,5
TOBG_ARS_68,2,0,0,7,0,0,6,2
TOBG_ARS_69,1,0,0,1,0,0,0,2
TOBG_ARS_7,11,1,0,3,0,0,4,2
TOBG_ARS_70,2,0,0,4,0,0,4,2
TOBG_ARS_71,4,1,0,4,0,0,0,1
TOBG_ARS_72,1,0,0,0,1,0,1,0
TOBG_ARS_73,0,0,0,2,0,0,0,1
TOBG_ARS_733,11,0,0,8,0,0,3,0
TOBG_ARS_74,1,1,0,2,0,0,0,0
TOBG_ARS_75,1,0,0,3,0,0,1,2
TOBG_ARS_76,1,0,0,2,0,0,0,2
TOBG_ARS_77,7,0,0,5,0,0,4,1
TOBG_ARS_78,0,0,0,0,0,0,0,0
TOBG_ARS_79,10,0,0,0,0,0,18,5
TOBG_ARS_8,6,1,0,1,0,1,9,3
TOBG_ARS_80,2,0,0,0,0,0,5,2
TOBG_ARS_81,6,0,0,2,0,1,5,2
TOBG_ARS_82,3,1,0,0,0,0,2,3
TOBG_ARS_83,2,0,0,4,0,0,9,1
TOBG_ARS_84,4,0,0,6,0,0,2,1
TOBG_ARS_85,1,0,0,2,0,0,1,2
TOBG_ARS_86,2,0,0,4,0,0,0,0
TOBG_ARS_87,2,0,1,0,0,0,2,0
TOBG_ARS_88,3,0,0,0,1,0,1,4
TOBG_ARS_89,11,0,0,2,0,2,11,2
TOBG_ARS_9,8,0,0,3,1,0,3,5
TOBG_ARS_90,3,0,0,7,0,0,10,4
TOBG_ARS_91,1,0,0,1,0,0,1,0
TOBG_ARS_92,0,0,0,6,1,0,0,3
TOBG_ARS_93,4,0,0,3,0,0,1,3
TOBG_ARS_94,4,0,0,5,0,0,6,3
TOBG_ARS_95,2,0,0,3,0,0,3,2
TOBG_ARS_96,4,0,0,2,0,0,3,0
TOBG_ARS_97,1,0,0,2,1,0,0,1
TOBG_ARS_98,5,0,0,2,0,0,3,4
TOBG_ARS_99,1,0,0,0,0,0,1,0
TOBG_CPC_1,6,0,0,7,0,0,6,6
TOBG_CPC_10,1,0,0,3,0,0,1,0
TOBG_CPC_100,0,0,0,2,1,0,0,0
TOBG_CPC_11,7,1,0,4,0,0,0,4
TOBG_CPC_12,11,3,0,7,0,0,3,4
TOBG_CPC_1232,1,0,0,1,0,0,0,2
TOBG_CPC_13,1,1,0,3,1,0,3,4
TOBG_CPC_1326,1,0,0,1,0,0,0,0
TOBG_CPC_1328,3,0,0,5,0,0,1,4
TOBG_CPC_1337,1,0,0,2,0,0,0,0
TOBG_CPC_1357,1,0,0,3,0,0,0,0
TOBG_CPC_1365,0,0,0,1,0,0,0,1
TOBG_CPC_1369,1,0,0,2,2,0,0,0
TOBG_CPC_1382,2,0,0,0,0,0,0,3
TOBG_CPC_1397,3,0,0,1,0,0,2,1
TOBG_CPC_1399,2,0,0,3,0,0,1,2
TOBG_CPC_14,2,0,0,3,0,0,0,3
TOBG_CPC_1446,0,0,0,1,0,0,0,0
TOBG_CPC_1447,1,0,0,4,1,0,1,1
TOBG_CPC_1462,2,1,0,3,0,0,1,3
TOBG_CPC_1469,1,0,0,2,0,0,0,0
TOBG_CPC_15,0,0,0,3,1,0,0,5
TOBG_CPC_16,10,2,0,1,0,0,6,4
TOBG_CPC_17,9,0,0,3,1,0,3,4
TOBG_CPC_18,1,0,0,2,0,0,0,0
TOBG_CPC_19,13,0,0,9,7,0,12,6
TOBG_CPC_2,12,2,0,7,6,0,3,6
TOBG_CPC_20,2,0,0,3,0,0,1,5
TOBG_CPC_21,12,0,0,4,0,0,7,6
TOBG_CPC_22,6,0,0,3,0,0,3,3
TOBG_CPC_23,3,0,0,2,0,0,1,0
TOBG_CPC_24,6,0,0,4,0,1,1,6
TOBG_CPC_25,2,0,0,2,0,0,4,4
TOBG_CPC_26,0,0,0,3,0,0,0,0
TOBG_CPC_27,5,0,0,2,0,0,2,3
TOBG_CPC_28,10,2,0,7,1,0,5,3
TOBG_CPC_288,2,0,0,3,0,0,0,1
TOBG_CPC_289,1,0,0,1,0,0,0,2
TOBG_CPC_29,2,0,0,1,2,0,1,2
TOBG_CPC_290,1,0,0,3,0,0,0,0
TOBG_CPC_291,2,0,0,1,1,0,1,3
TOBG_CPC_293,4,0,0,5,0,0,1,5
TOBG_CPC_294,6,0,0,4,0,0,0,5
TOBG_CPC_295,4,0,0,2,0,0,1,2
TOBG_CPC_296,0,0,0,0,0,0,0,0
TOBG_CPC_297,2,1,0,4,1,0,2,0
TOBG_CPC_299,7,0,0,6,0,0,10,6
TOBG_CPC_3,2,0,0,5,0,0,1,1
TOBG_CPC_30,5,0,0,8,0,0,4,3
TOBG_CPC_300,2,0,0,1,0,0,1,2
TOBG_CPC_301,0,0,0,1,0,0,0,0
TOBG_CPC_302,14,3,0,1,5,0,6,4
TOBG_CPC_305,3,0,0,1,0,0,2,5
TOBG_CPC_306,2,0,0,1,0,0,0,4
TOBG_CPC_307,0,0,0,2,0,0,0,3
TOBG_CPC_309,11,1,0,1,0,0,4,4
TOBG_CPC_31,11,0,1,7,0,0,3,4
TOBG_CPC_310,12,0,0,2,1,0,5,5
TOBG_CPC_311,1,0,0,2,0,0,0,1
TOBG_CPC_313,2,0,0,1,0,0,1,2
TOBG_CPC_314,0,1,0,1,1,0,3,3
TOBG_CPC_315,4,0,0,4,3,0,3,5
TOBG_CPC_316,4,1,0,2,0,0,1,4
TOBG_CPC_317,0,0,0,1,0,0,0,1
TOBG_CPC_319,1,0,0,3,0,0,0,1
TOBG_CPC_32,10,2,0,6,0,0,1,5
TOBG_CPC_320,9,0,0,9,0,0,5,7
TOBG_CPC_322,0,0,0,4,1,0,0,0
TOBG_CPC_323,1,0,0,2,0,0,0,2
TOBG_CPC_324,5,0,0,2,1,0,5,2
TOBG_CPC_325,5,0,0,1,0,0,4,3
TOBG_CPC_326,1,0,0,5,0,0,1,4
TOBG_CPC_327,7,0,0,4,1,0,1,4
TOBG_CPC_33,3,1,0,3,0,0,1,2
TOBG_CPC_34,1,1,0,3,1,0,0,2
TOBG_CPC_35,1,0,0,1,1,0,1,1
TOBG_CPC_36,9,0,0,4,1,0,1,4
TOBG_CPC_37,0,0,0,2,0,0,3,0
TOBG_CPC_38,10,3,0,8,0,0,4,3
TOBG_CPC_39,1,0,0,2,0,0,0,5
TOBG_CPC_4,6,1,0,3,0,0,2,3
TOBG_CPC_40,14,3,0,9,1,0,8,7
TOBG_CPC_41,3,2,0,5,0,0,0,0
TOBG_CPC_42,12,2,0,6,0,0,5,6
TOBG_CPC_43,10,4,0,6,0,0,4,4
TOBG_CPC_44,0,0,0,2,0,0,0,0
TOBG_CPC_45,10,0,0,7,1,0,4,5
TOBG_CPC_46,3,0,0,2,0,0,0,3
TOBG_CPC_47,1,1,0,2,0,0,0,3
TOBG_CPC_48,10,4,0,3,0,0,6,5
TOBG_CPC_49,5,1,0,3,0,0,2,6
TOBG_CPC_5,2,0,0,5,1,0,0,2
TOBG_CPC_50,1,0,0,1,0,0,0,2
TOBG_CPC_51,10,0,0,8,3,0,8,2
TOBG_CPC_52,2,0,0,2,1,0,1,1
TOBG_CPC_53,7,2,0,7,0,0,11,8
TOBG_CPC_54,2,0,0,3,2,0,1,4
TOBG_CPC_55,2,0,0,2,0,0,0,0
TOBG_CPC_56,5,0,0,3,0,0,4,1
TOBG_CPC_57,2,0,0,0,1,0,0,2
TOBG_CPC_58,6,1,0,7,0,0,3,8
TOBG_CPC_59,3,0,0,4,4,0,2,3
TOBG_CPC_6,2,1,0,3,1,0,3,3
TOBG_CPC_60,0,0,0,2,0,0,0,0
TOBG_CPC_61,5,0,0,3,0,0,4,4
TOBG_CPC_62,16,1,0,9,1,0,10,4
TOBG_CPC_63,1,0,0,2,0,0,0,0
TOBG_CPC_64,10,0,0,6,1,0,2,4
TOBG_CPC_65,5,0,0,4,0,0,3,3
TOBG_CPC_66,1,0,0,0,0,0,0,2
TOBG_CPC_67,3,4,0,6,0,0,0,2
TOBG_CPC_68,5,0,0,8,0,0,1,4
TOBG_CPC_69,12,0,0,3,2,0,1,5
TOBG_CPC_7,8,0,0,3,0,0,1,3
TOBG_CPC_70,4,4,0,5,0,0,0,1
TOBG_CPC_71,9,1,0,4,0,0,1,4
TOBG_CPC_72,6,1,0,3,1,0,2,3
TOBG_CPC_73,4,0,0,4,0,0,2,3
TOBG_CPC_74,3,0,0,7,0,0,3,5
TOBG_CPC_75,2,0,0,5,1,0,2,2
TOBG_CPC_76,3,0,0,0,0,0,1,0
TOBG_CPC_77,12,4,0,2,5,0,5,2
TOBG_CPC_78,2,1,0,1,0,0,0,4
TOBG_CPC_79,3,0,0,5,1,0,0,3
TOBG_CPC_8,15,0,0,4,2,0,5,3
TOBG_CPC_80,1,2,0,3,0,0,0,3
TOBG_CPC_81,7,0,0,2,0,0,1,3
TOBG_CPC_82,1,0,0,1,0,0,0,4
TOBG_CPC_83,1,0,0,4,1,0,0,0
TOBG_CPC_84,0,0,0,2,0,0,0,0
TOBG_CPC_85,0,0,0,4,1,0,0,0
TOBG_CPC_86,3,0,0,5,0,0,3,1
TOBG_CPC_87,0,0,0,1,1,0,0,1
TOBG_CPC_88,10,0,0,4,3,0,7,3
TOBG_CPC_89,1,0,0,2,0,0,1,0
TOBG_CPC_9,6,0,0,6,0,0,5,1
TOBG_CPC_90,4,0,0,1,0,0,0,1
TOBG_CPC_91,1,0,0,1,0,0,1,2
TOBG_CPC_92,0,0,0,1,0,0,0,0
TOBG_CPC_93,1,0,0,0,0,0,0,2
TOBG_CPC_94,4,0,0,3,0,0,2,2
TOBG_CPC_95,11,1,0,2,0,0,2,3
TOBG_CPC_96,1,0,0,4,2,0,1,1
TOBG_CPC_97,2,0,0,2,1,0,0,0
TOBG_CPC_98,2,1,0,6,0,0,0,1
TOBG_CPC_99,2,0,0,2,1,0,2,2
TOBG_EAC_1,2,0,0,2,0,0,0,4
TOBG_EAC_10,3,0,0,3,0,0,4,2
TOBG_EAC_100,1,0,0,1,0,0,1,0
TOBG_EAC_101,3,0,0,1,0,0,0,3
TOBG_EAC_102,8,0,0,7,1,0,3,5
TOBG_EAC_103,6,0,0,3,1,0,1,2
TOBG_EAC_104,5,0,0,1,0,0,3,1
TOBG_EAC_105,5,0,0,5,0,0,2,1
TOBG_EAC_106,1,0,0,1,0,0,1,0
TOBG_EAC_107,1,0,0,3,0,0,1,1
TOBG_EAC_108,3,2,0,5,0,0,0,1
TOBG_EAC_109,4,3,0,4,0,0,0,1
TOBG_EAC_11,2,0,0,3,0,0,0,1
TOBG_EAC_110,3,0,0,0,0,0,1,0
TOBG_EAC_111,2,0,0,2,0,0,3,3
TOBG_EAC_112,2,0,0,3,2,0,1,4
TOBG_EAC_113,0,0,0,1,0,0,0,1
TOBG_EAC_114,0,0,0,3,1,0,0,1
TOBG_EAC_115,1,0,0,2,0,0,1,0
TOBG_EAC_116,3,1,0,1,0,0,2,3
TOBG_EAC_117,3,0,0,4,0,0,2,2
TOBG_EAC_118,1,0,0,2,0,0,0,1
TOBG_EAC_119,0,0,0,1,0,0,0,0
TOBG_EAC_12,1,0,0,1,0,0,1,0
TOBG_EAC_120,4,0,0,2,0,0,2,3
TOBG_EAC_121,3,0,0,2,0,0,2,2
TOBG_EAC_122,0,0,0,1,0,0,0,0
TOBG_EAC_123,8,0,0,5,0,0,6,2
TOBG_EAC_13,1,0,0,0,0,0,0,0
TOBG_EAC_14,4,0,1,1,0,0,1,0
TOBG_EAC_15,5,0,0,3,0,0,3,1
TOBG_EAC_16,7,0,0,5,0,0,4,2
TOBG_EAC_17,6,0,0,2,2,0,2,4
TOBG_EAC_1768,0,0,0,1,0,0,0,0
TOBG_EAC_1775,1,0,0,2,0,0,0,0
TOBG_EAC_1785,1,0,0,2,0,0,1,4
TOBG_EAC_1786,0,0,0,3,0,0,0,1
TOBG_EAC_1795,2,0,0,4,0,0,3,1
TOBG_EAC_18,3,0,0,4,0,0,4,4
TOBG_EAC_19,7,1,0,3,2,0,5,3
TOBG_EAC_1924,1,0,0,1,0,0,0,2
TOBG_EAC_1938,1,0,0,2,0,0,0,2
TOBG_EAC_1972,2,0,0,1,0,0,3,2
TOBG_EAC_1995,9,0,0,5,0,0,5,1
TOBG_EAC_2,4,1,0,3,2,0,0,4
TOBG_EAC_20,10,4,0,4,1,0,4,3
TOBG_EAC_2003,0,0,0,3,0,0,0,0
TOBG_EAC_2006,1,0,0,3,1,0,0,2
TOBG_EAC_2011,2,0,0,2,0,0,1,1
TOBG_EAC_2021,4,0,0,1,0,0,4,0
TOBG_EAC_2025,0,2,0,0,0,0,0,2
TOBG_EAC_2037,5,1,0,2,0,0,8,0
TOBG_EAC_2038,5,1,0,5,0,0,3,1
TOBG_EAC_2047,2,0,0,2,0,0,0,0
TOBG_EAC_2074,2,0,0,2,0,0,0,1
TOBG_EAC_2087,3,0,0,2,1,0,2,0
TOBG_EAC_2090,4,0,0,5,0,0,3,2
TOBG_EAC_2092,5,0,0,3,0,0,4,4
TOBG_EAC_2094,2,0,0,3,0,0,1,0
TOBG_EAC_21,10,1,0,9,3,0,5,5
TOBG_EAC_2107,0,0,0,1,0,0,0,0
TOBG_EAC_22,0,0,0,1,0,0,0,0
TOBG_EAC_23,1,0,0,3,0,0,0,1
TOBG_EAC_24,6,0,0,3,0,0,6,3
TOBG_EAC_25,1,0,0,2,0,0,0,0
TOBG_EAC_26,3,0,0,5,2,0,3,2
TOBG_EAC_27,4,0,0,1,1,0,3,3
TOBG_EAC_28,3,0,0,4,1,0,1,2
TOBG_EAC_29,3,0,0,3,0,0,2,1
TOBG_EAC_3,4,0,0,8,0,0,0,5
TOBG_EAC_30,1,0,0,2,0,0,1,0
TOBG_EAC_31,2,2,0,5,0,0,0,2
TOBG_EAC_32,2,0,0,3,0,0,0,1
TOBG_EAC_33,0,0,0,4,0,0,0,0
TOBG_EAC_34,2,0,0,2,0,0,3,2
TOBG_EAC_35,6,0,0,3,0,0,6,2
TOBG_EAC_36,16,1,0,2,0,0,9,4
TOBG_EAC_37,6,0,0,3,1,0,1,4
TOBG_EAC_38,1,0,0,3,0,0,0,0
TOBG_EAC_39,11,3,0,4,1,0,4,3
TOBG_EAC_4,9,2,0,4,0,0,2,2
TOBG_EAC_40,1,0,0,2,0,0,1,0
TOBG_EAC_41,17,2,0,5,1,0,3,5
TOBG_EAC_42,14,0,0,4,0,0,6,0
TOBG_EAC_43,1,1,2,2,1,0,0,1
TOBG_EAC_44,2,0,0,1,0,0,0,1
TOBG_EAC_45,7,0,0,4,0,0,0,3
TOBG_EAC_46,4,1,0,4,0,0,2,1
TOBG_EAC_47,9,4,0,4,0,0,1,3
TOBG_EAC_48,9,0,0,7,0,0,5,6
TOBG_EAC_49,9,2,0,4,0,0,2,5
TOBG_EAC_5,2,0,0,5,1,0,0,2
TOBG_EAC_50,11,5,0,4,1,0,7,4
TOBG_EAC_51,2,1,0,4,0,0,0,1
TOBG_EAC_52,2,1,0,5,1,0,0,1
TOBG_EAC_53,2,0,0,3,0,0,1,1
TOBG_EAC_54,7,0,0,4,0,0,2,3
TOBG_EAC_55,7,2,0,3,0,0,3,4
TOBG_EAC_56,7,5,0,10,2,0,5,7
TOBG_EAC_57,2,0,0,2,0,0,0,3
TOBG_EAC_58,10,2,0,2,1,0,8,4
TOBG_EAC_59,2,3,0,3,0,0,0,0
TOBG_EAC_6,3,0,0,3,0,0,0,2
TOBG_EAC_60,6,0,0,4,1,0,1,4
TOBG_EAC_61,6,1,0,4,0,0,3,0
TOBG_EAC_615,6,0,0,1,0,0,3,4
TOBG_EAC_62,2,1,0,5,1,0,0,1
TOBG_EAC_622,2,1,0,3,0,0,1,3
TOBG_EAC_623,4,0,0,2,0,0,1,3
TOBG_EAC_624,2,0,0,2,0,0,0,0
TOBG_EAC_625,6,0,0,6,0,0,5,2
TOBG_EAC_627,2,0,0,5,0,0,3,2
TOBG_EAC_628,0,0,0,2,0,0,0,4
TOBG_EAC_63,4,1,0,4,1,0,0,4
TOBG_EAC_630,1,0,0,3,0,0,0,0
TOBG_EAC_631,5,2,0,2,0,0,2,2
TOBG_EAC_632,4,0,0,2,0,0,0,3
TOBG_EAC_634,4,0,0,4,2,0,0,3
TOBG_EAC_635,3,1,0,1,0,0,2,5
TOBG_EAC_636,0,0,0,2,0,0,0,0
TOBG_EAC_637,1,0,0,1,0,0,2,2
TOBG_EAC_638,3,0,0,4,2,0,2,5
TOBG_EAC_64,6,1,0,0,0,0,5,4
TOBG_EAC_640,2,0,0,1,0,0,5,1
TOBG_EAC_641,1,0,0,2,2,0,1,4
TOBG_EAC_642,1,0,0,4,1,0,2,2
TOBG_EAC_645,10,1,0,5,0,0,7,5
TOBG_EAC_646,4,0,0,2,0,0,5,2
TOBG_EAC_647,4,0,0,3,0,0,0,2
TOBG_EAC_649,1,0,0,2,0,0,0,0
TOBG_EAC_65,5,0,0,2,2,0,4,3
TOBG_EAC_650,1,0,0,5,0,0,0,0
TOBG_EAC_651,2,0,0,2,0,0,0,2
TOBG_EAC_652,1,0,0,1,0,0,0,2
TOBG_EAC_653,6,0,0,3,0,0,5,2
TOBG_EAC_654,6,0,0,1,1,0,2,3
TOBG_EAC_656,2,0,0,1,0,0,4,5
TOBG_EAC_657,1,0,0,2,1,0,1,2
TOBG_EAC_659,0,0,0,3,0,0,0,0
TOBG_EAC_66,3,0,0,6,0,0,0,3
TOBG_EAC_660,1,0,0,2,0,0,1,0
TOBG_EAC_662,1,0,0,2,0,0,1,2
TOBG_EAC_663,1,0,0,1,0,0,0,0
TOBG_EAC_669,2,0,0,2,0,0,1,0
TOBG_EAC_67,3,0,0,2,0,0,4,2
TOBG_EAC_670,4,0,0,6,0,0,6,5
TOBG_EAC_671,2,0,0,2,0,0,3,5
TOBG_EAC_673,2,0,0,2,0,0,0,3
TOBG_EAC_674,1,0,0,2,0,0,0,2
TOBG_EAC_675,2,0,0,1,0,0,3,0
TOBG_EAC_676,1,0,0,4,0,0,0,0
TOBG_EAC_678,6,0,0,0,0,0,3,0
TOBG_EAC_68,4,0,0,5,0,0,0,3
TOBG_EAC_682,2,0,0,3,0,0,0,0
TOBG_EAC_683,8,0,0,4,0,0,3,5
TOBG_EAC_685,2,0,0,1,0,0,2,0
TOBG_EAC_69,9,4,0,2,2,0,2,4
TOBG_EAC_691,0,1,0,2,0,0,0,1
TOBG_EAC_692,2,0,0,3,0,0,3,2
TOBG_EAC_693,5,0,0,3,0,0,2,3
TOBG_EAC_694,2,0,0,3,0,0,0,2
TOBG_EAC_695,9,0,0,4,0,0,4,3
TOBG_EAC_7,1,0,0,1,0,0,0,0
TOBG_EAC_70,3,0,0,3,0,0,0,0
TOBG_EAC_703,2,0,0,2,0,0,0,3
TOBG_EAC_704,1,0,0,2,0,0,1,3
TOBG_EAC_705,1,0,0,1,0,0,0,0
TOBG_EAC_707,9,0,0,1,1,0,1,3
TOBG_EAC_708,7,0,0,4,1,0,4,4
TOBG_EAC_709,8,0,0,3,1,0,2,3
TOBG_EAC_71,5,0,0,3,0,0,2,5
TOBG_EAC_710,0,0,0,2,0,0,0,0
TOBG_EAC_712,4,0,0,2,1,0,4,4
TOBG_EAC_713,7,3,0,2,2,0,4,3
TOBG_EAC_714,1,0,0,2,0,0,0,2
TOBG_EAC_72,4,0,0,2,0,0,2,3
TOBG_EAC_720,0,0,0,2,0,0,0,1
TOBG_EAC_721,0,0,0,0,0,0,0,0
TOBG_EAC_723,1,0,0,2,0,0,0,0
TOBG_EAC_73,15,0,0,5,0,0,8,3
TOBG_EAC_74,3,0,0,4,0,0,0,2
TOBG_EAC_75,1,0,0,4,0,0,0,1
TOBG_EAC_76,10,2,0,5,2,0,2,9
TOBG_EAC_77,8,0,0,6,0,0,1,3
TOBG_EAC_78,0,0,0,4,0,0,0,1
TOBG_EAC_79,1,0,0,1,0,0,1,2
TOBG_EAC_8,1,0,0,2,0,0,2,2
TOBG_EAC_80,3,0,0,0,0,0,1,1
TOBG_EAC_81,8,0,0,4,0,0,6,3
TOBG_EAC_82,4,0,0,3,1,0,6,2
TOBG_EAC_83,2,0,0,3,0,0,3,0
TOBG_EAC_84,3,0,0,2,0,0,1,0
TOBG_EAC_85,4,0,0,3,0,0,1,1
TOBG_EAC_86,5,0,0,2,0,0,5,4
TOBG_EAC_87,10,0,0,4,0,0,9,6
TOBG_EAC_88,6,0,0,2,0,0,8,0
TOBG_EAC_89,0,0,0,1,0,0,0,0
TOBG_EAC_9,9,0,0,3,2,0,8,2
TOBG_EAC_90,6,0,0,5,0,0,4,4
TOBG_EAC_91,15,0,0,4,1,0,4,5
TOBG_EAC_92,4,1,0,6,0,0,0,1
TOBG_EAC_93,4,1,0,2,0,0,0,3
TOBG_EAC_94,11,1,0,6,0,0,4,5
TOBG_EAC_95,2,4,0,5,0,0,0,1
TOBG_EAC_96,6,4,0,6,0,0,1,2
TOBG_EAC_97,2,0,0,2,0,0,0,5
TOBG_EAC_98,12,1,0,4,0,0,2,4
TOBG_EAC_99,1,0,0,2,0,0,1,1
TOBG_IN_1,12,4,0,5,1,0,11,3
TOBG_IN_10,2,1,0,5,1,0,0,1
TOBG_IN_1000,1,0,0,4,0,0,0,0
TOBG_IN_1003,0,0,0,2,0,0,0,2
TOBG_IN_1073,0,0,0,0,0,0,0,0
TOBG_IN_1077,4,0,0,0,0,0,2,0
TOBG_IN_1093,2,0,0,2,0,0,0,0
TOBG_IN_11,6,0,0,3,0,0,1,3
TOBG_IN_12,11,3,0,5,1,0,4,3
TOBG_IN_1207,2,0,0,3,0,0,2,1
TOBG_IN_1213,5,0,0,2,0,0,4,2
TOBG_IN_1214,7,0,0,3,2,0,5,2
TOBG_IN_1219,1,0,0,2,0,0,1,0
TOBG_IN_1222,1,0,0,3,0,0,2,0
TOBG_IN_13,5,1,0,4,1,0,0,3
TOBG_IN_1311,10,0,0,3,1,0,8,3
TOBG_IN_14,3,0,0,2,1,0,0,2
TOBG_IN_15,6,2,0,2,2,0,3,4
TOBG_IN_16,3,0,0,2,0,0,0,2
TOBG_IN_17,3,1,0,4,0,0,0,1
TOBG_IN_18,14,1,0,9,3,0,6,5
TOBG_IN_19,9,0,0,6,0,0,5,6
TOBG_IN_2,13,5,0,5,0,0,8,4
TOBG_IN_20,4,1,0,3,2,0,0,4
TOBG_IN_21,8,0,0,4,0,0,8,5
TOBG_IN_22,1,0,0,1,0,0,5,2
TOBG_IN_23,4,1,0,5,0,0,0,2
TOBG_IN_24,1,2,0,2,0,0,1,2
TOBG_IN_25,6,0,0,2,1,0,1,3
TOBG_IN_26,1,0,0,2,0,0,1,1
TOBG_IN_27,1,0,0,2,0,0,0,5
TOBG_IN_28,3,0,0,2,0,0,1,3
TOBG_IN_29,17,0,0,3,2,0,5,4
TOBG_IN_3,12,0,0,4,0,0,2,5
TOBG_IN_30,1,0,0,1,0,0,1,0
TOBG_IN_31,1,0,0,2,0,0,1,0
TOBG_IN_32,5,0,0,3,0,0,3,5
TOBG_IN_33,2,0,0,1,0,0,2,0
TOBG_IN_34,1,0,0,2,0,0,1,0
TOBG_IN_35,1,0,0,2,0,0,1,0
TOBG_IN_36,2,1,0,3,0,0,2,4
TOBG_IN_37,1,0,0,2,0,0,1,0
TOBG_IN_38,2,2,0,2,0,0,0,1
TOBG_IN_39,1,0,0,0,0,0,1,0
TOBG_IN_4,1,0,0,2,0,0,0,3
TOBG_IN_40,3,0,0,2,0,0,0,4
TOBG_IN_41,2,0,0,4,0,0,3,4
TOBG_IN_42,2,0,0,2,0,0,0,2
TOBG_IN_43,4,0,0,4,1,0,1,3
TOBG_IN_44,4,0,0,6,2,0,5,6
TOBG_IN_45,5,0,0,5,0,0,3,3
TOBG_IN_46,1,0,0,1,0,0,0,0
TOBG_IN_47,7,0,0,8,0,0,4,8
TOBG_IN_48,3,0,0,2,1,0,0,0
TOBG_IN_49,0,0,0,1,0,0,0,0
TOBG_IN_5,11,4,0,4,1,0,4,3
TOBG_IN_6,16,2,0,7,2,0,9,7
TOBG_IN_7,12,2,0,3,0,0,4,3
TOBG_IN_8,6,0,0,2,0,0,4,3
TOBG_IN_9,7,0,0,7,1,0,5,5
TOBG_IN_912,8,2,0,8,5,0,2,3
TOBG_IN_913,1,0,0,2,0,0,1,0
TOBG_IN_918,2,0,0,2,0,0,2,0
TOBG_IN_919,7,0,0,3,0,0,5,0
TOBG_IN_921,3,0,0,1,0,0,0,3
TOBG_IN_922,11,3,0,3,0,0,6,3
TOBG_IN_924,6,0,0,3,1,0,4,2
TOBG_IN_926,3,0,0,1,0,0,2,3
TOBG_IN_928,7,2,0,4,0,0,0,5
TOBG_IN_929,5,0,0,6,2,0,3,3
TOBG_IN_930,1,0,0,0,0,0,1,0
TOBG_IN_961,0,0,0,2,0,0,0,1
TOBG_MED_1001,1,0,0,4,0,0,0,2
TOBG_MED_1003,0,0,0,3,0,0,0,1
TOBG_MED_1008,5,0,0,4,0,0,5,3
TOBG_MED_1017,3,0,0,2,0,0,0,3
TOBG_MED_1036,1,0,0,2,0,0,0,3
TOBG_MED_104,1,0,0,2,0,0,0,3
TOBG_MED_1046,0,0,0,0,0,0,0,2
TOBG_MED_1047,1,0,0,2,0,0,1,0
TOBG_MED_105,0,0,0,1,1,0,0,1
TOBG_MED_1076,1,0,0,4,1,0,0,2
TOBG_MED_1079,3,0,0,3,0,0,4,0
TOBG_MED_1093,2,0,0,2,0,0,1,0
TOBG_MED_1094,1,0,0,4,0,0,0,0
TOBG_MED_1105,2,0,0,3,0,0,0,0
TOBG_MED_1116,1,0,0,0,0,0,0,2
TOBG_MED_1122,6,0,0,2,1,0,6,0
TOBG_MED_1131,0,0,0,2,0,0,0,0
TOBG_MED_1153,2,0,0,0,0,0,0,2
TOBG_MED_1155,2,0,0,2,0,0,3,3
TOBG_MED_1178,1,0,0,3,0,0,1,0
TOBG_MED_1190,3,0,0,2,0,0,0,2
TOBG_MED_1222,0,0,0,0,0,0,0,0
TOBG_MED_1223,2,0,0,1,0,0,3,0
TOBG_MED_1227,3,0,0,6,4,0,3,5
TOBG_MED_1229,2,1,0,4,0,0,1,4
TOBG_MED_1233,1,0,0,2,0,0,0,0
TOBG_MED_124,0,0,0,1,0,0,0,0
TOBG_MED_1247,2,0,0,1,0,0,0,2
TOBG_MED_1250,0,0,0,1,0,0,0,2
TOBG_MED_1257,4,0,0,1,0,0,5,0
TOBG_MED_1261,3,0,0,2,0,0,2,3
TOBG_MED_1269,5,0,0,2,1,0,4,2
TOBG_MED_1270,1,0,0,3,0,0,2,2
TOBG_MED_139,3,0,0,1,1,0,1,2
TOBG_MED_174,0,0,0,0,1,0,0,0
TOBG_MED_191,2,0,0,1,0,0,1,1
TOBG_MED_195,1,0,0,2,0,0,1,1
TOBG_MED_203,1,0,0,1,0,0,0,2
TOBG_MED_211,0,0,0,1,0,0,0,0
TOBG_MED_215,1,0,0,3,0,0,0,3
TOBG_MED_569,5,0,0,0,1,0,4,0
TOBG_MED_580,7,0,0,5,0,0,5,3
TOBG_MED_581,6,0,0,2,0,0,1,1
TOBG_MED_582,2,0,0,0,2,0,2,4
TOBG_MED_583,2,0,0,2,1,0,4,0
TOBG_MED_584,2,0,0,1,1,0,1,2
TOBG_MED_585,1,0,0,2,0,0,0,2
TOBG_MED_586,0,0,0,4,0,0,0,0
TOBG_MED_587,5,0,0,3,0,0,0,3
TOBG_MED_588,4,3,0,4,0,0,1,4
TOBG_MED_589,2,0,0,5,0,0,0,1
TOBG_MED_590,1,0,0,3,1,0,0,1
TOBG_MED_591,0,0,0,1,0,0,0,3
TOBG_MED_592,7,1,0,3,1,0,1,3
TOBG_MED_593,0,0,0,1,1,0,0,3
TOBG_MED_594,5,0,0,3,1,0,3,2
TOBG_MED_595,4,0,0,4,1,0,4,4
TOBG_MED_596,2,0,0,2,0,0,0,0
TOBG_MED_597,3,0,0,2,0,0,2,4
TOBG_MED_598,0,0,0,3,0,0,0,0
TOBG_MED_599,5,0,0,3,0,0,3,0
TOBG_MED_600,0,0,0,0,0,0,0,0
TOBG_MED_601,9,0,1,2,1,0,6,2
TOBG_MED_602,0,0,0,1,0,0,0,4
TOBG_MED_603,3,0,0,2,0,0,0,2
TOBG_MED_604,3,0,0,2,0,0,0,2
TOBG_MED_605,2,0,0,4,0,0,1,2
TOBG_MED_606,0,0,0,0,0,0,0,1
TOBG_MED_607,0,0,0,1,0,0,0,0
TOBG_MED_608,2,0,0,4,1,0,0,0
TOBG_MED_609,3,0,0,2,1,0,6,0
TOBG_MED_610,6,0,0,4,0,0,2,4
TOBG_MED_611,2,0,0,5,2,0,0,3
TOBG_MED_612,1,0,0,6,0,0,1,3
TOBG_MED_613,1,0,0,2,1,0,0,3
TOBG_MED_614,2,0,0,3,0,0,0,2
TOBG_MED_615,3,0,0,3,2,0,2,2
TOBG_MED_616,4,0,0,5,3,0,4,8
TOBG_MED_617,3,0,0,1,0,0,2,3
TOBG_MED_618,0,0,0,2,0,0,0,0
TOBG_MED_619,3,0,0,3,0,0,0,2
TOBG_MED_620,7,0,0,5,0,0,6,5
TOBG_MED_621,3,0,0,4,0,0,0,0
TOBG_MED_622,3,0,0,4,0,0,0,1
TOBG_MED_623,2,0,0,4,0,0,0,2
TOBG_MED_624,8,0,0,2,0,0,2,3
TOBG_MED_625,2,0,0,1,0,0,1,1
TOBG_MED_626,3,0,0,1,0,0,0,3
TOBG_MED_627,2,0,0,4,0,0,0,0
TOBG_MED_628,3,0,0,1,0,0,0,1
TOBG_MED_629,3,0,0,2,0,0,2,1
TOBG_MED_630,0,0,0,1,1,0,0,0
TOBG_MED_631,3,0,0,5,0,0,1,1
TOBG_MED_632,11,0,0,10,1,0,6,8
TOBG_MED_633,8,0,0,5,1,0,3,5
TOBG_MED_634,11,0,0,4,0,0,7,3
TOBG_MED_635,4,0,0,1,0,0,2,0
TOBG_MED_636,3,0,0,3,0,0,1,5
TOBG_MED_637,9,0,0,3,1,0,3,4
TOBG_MED_638,0,0,0,1,0,0,0,0
TOBG_MED_639,0,0,0,0,0,0,0,2
TOBG_MED_640,3,0,0,2,0,0,4,5
TOBG_MED_641,3,0,0,4,0,0,3,4
TOBG_MED_642,2,0,0,2,0,0,1,3
TOBG_MED_643,5,0,0,5,1,0,3,6
TOBG_MED_644,1,0,0,0,0,0,0,1
TOBG_MED_645,0,0,0,3,0,0,0,0
TOBG_MED_646,2,0,0,4,0,0,2,3
TOBG_MED_647,3,0,0,2,0,0,2,4
TOBG_MED_648,0,0,0,5,0,0,0,1
TOBG_MED_649,1,0,0,2,0,0,0,0
TOBG_MED_650,0,0,0,1,1,0,0,0
TOBG_MED_651,1,0,0,3,0,0,0,0
TOBG_MED_652,3,0,0,1,0,0,3,3
TOBG_MED_653,5,0,0,2,0,0,1,3
TOBG_MED_654,2,0,0,2,0,0,0,2
TOBG_MED_655,3,0,0,2,0,0,4,3
TOBG_MED_656,3,0,0,3,0,0,7,3
TOBG_MED_657,3,0,0,1,0,0,2,2
TOBG_MED_658,2,0,0,1,0,0,1,0
TOBG_MED_659,4,0,0,1,0,0,3,3
TOBG_MED_660,7,0,0,5,0,0,4,3
TOBG_MED_661,7,0,0,2,1,0,4,3
TOBG_MED_662,2,0,0,2,0,0,0,3
TOBG_MED_663,1,0,0,1,0,0,0,2
TOBG_MED_664,4,0,0,7,0,0,5,4
TOBG_MED_665,14,0,0,4,3,0,9,5
TOBG_MED_666,1,0,0,5,0,0,0,1
TOBG_MED_667,2,0,0,3,0,0,0,3
TOBG_MED_668,5,0,0,4,1,0,1,3
TOBG_MED_669,1,0,0,2,0,0,0,1
TOBG_MED_670,0,1,0,1,0,0,0,2
TOBG_MED_671,2,0,0,4,1,0,1,0
TOBG_MED_672,10,0,0,4,0,0,9,2
TOBG_MED_673,2,0,0,4,0,0,2,0
TOBG_MED_674,13,0,0,5,0,0,8,2
TOBG_MED_675,6,0,0,2,0,0,8,4
TOBG_MED_676,1,0,0,4,0,0,0,0
TOBG_MED_677,1,0,0,2,0,0,0,1
TOBG_MED_678,0,0,0,2,0,0,0,0
TOBG_MED_679,2,0,0,1,0,0,2,0
TOBG_MED_680,5,0,0,2,0,0,2,0
TOBG_MED_681,2,0,0,2,1,0,0,3
TOBG_MED_682,5,0,0,0,2,0,3,4
TOBG_MED_683,2,0,0,1,0,0,0,4
TOBG_MED_684,0,0,0,0,0,0,0,2
TOBG_MED_685,1,0,0,2,0,0,0,0
TOBG_MED_686,0,0,0,1,0,0,0,2
TOBG_MED_687,2,0,0,0,0,0,0,0
TOBG_MED_688,8,0,0,5,4,0,5,3
TOBG_MED_689,3,0,0,0,0,0,2,0
TOBG_MED_690,5,0,0,2,0,0,1,3
TOBG_MED_691,1,0,0,4,1,0,0,0
TOBG_MED_692,2,0,0,3,0,0,0,1
TOBG_MED_693,1,0,0,1,0,0,0,1
TOBG_MED_694,1,0,0,1,1,0,3,0
TOBG_MED_695,4,0,0,4,0,0,1,3
TOBG_MED_696,2,0,0,1,1,0,0,5
TOBG_MED_697,7,2,0,2,0,0,4,3
TOBG_MED_698,8,0,0,4,1,0,5,4
TOBG_MED_699,0,0,0,1,0,0,0,0
TOBG_MED_700,1,0,0,2,0,0,1,0
TOBG_MED_701,0,0,0,1,1,0,0,2
TOBG_MED_702,2,0,0,2,0,0,0,4
TOBG_MED_703,1,0,0,4,0,0,1,0
TOBG_MED_704,1,0,0,3,0,0,0,0
TOBG_MED_705,0,0,0,2,0,0,0,0
TOBG_MED_706,1,0,0,2,0,0,1,0
TOBG_MED_707,1,0,0,2,0,0,1,0
TOBG_MED_708,0,0,0,5,1,0,0,0
TOBG_MED_709,0,0,0,1,0,0,0,2
TOBG_MED_710,1,0,0,1,0,0,1,1
TOBG_MED_711,1,0,0,0,0,0,1,0
TOBG_MED_712,2,0,0,3,0,0,0,0
TOBG_MED_713,1,0,0,2,0,0,1,1
TOBG_MED_714,3,0,0,2,0,0,2,2
TOBG_MED_715,2,0,0,1,0,0,2,3
TOBG_MED_716,8,0,0,1,0,0,5,3
TOBG_MED_717,8,0,0,4,0,0,6,0
TOBG_MED_718,0,0,0,1,0,0,0,2
TOBG_MED_719,5,0,0,1,1,0,4,2
TOBG_MED_720,0,0,0,2,0,0,0,2
TOBG_MED_721,0,0,0,4,0,0,0,3
TOBG_MED_722,1,0,0,2,0,0,0,2
TOBG_MED_723,2,0,0,0,0,0,1,1
TOBG_MED_724,1,0,0,3,0,0,1,2
TOBG_MED_725,3,0,0,1,0,0,1,2
TOBG_MED_726,0,0,0,1,0,0,0,0
TOBG_MED_727,1,0,0,2,0,0,0,3
TOBG_MED_728,14,1,0,5,1,0,5,3
TOBG_MED_729,2,0,0,1,2,0,1,4
TOBG_MED_730,3,0,0,1,0,0,0,2
TOBG_MED_731,0,0,0,3,0,0,2,1
TOBG_MED_732,0,0,0,2,0,0,0,1
TOBG_MED_733,0,0,0,3,0,0,0,2
TOBG_MED_734,2,0,0,4,0,0,0,0
TOBG_MED_735,2,0,0,1,0,0,0,2
TOBG_MED_736,2,0,0,2,0,0,0,0
TOBG_MED_737,2,0,0,1,0,0,0,0
TOBG_MED_738,1,0,0,2,0,0,1,0
TOBG_MED_739,0,0,0,1,0,0,0,2
TOBG_MED_740,0,0,0,4,0,0,0,0
TOBG_MED_741,3,0,0,2,0,0,2,2
TOBG_MED_742,1,0,0,0,0,0,0,2
TOBG_MED_743,1,0,0,3,0,0,1,0
TOBG_MED_744,0,0,0,2,1,0,0,0
TOBG_MED_745,5,0,0,2,0,0,3,4
TOBG_MED_746,0,0,0,2,0,0,0,1
TOBG_MED_747,0,0,0,4,0,0,2,0
TOBG_MED_748,1,0,0,2,1,0,1,1
TOBG_MED_749,0,0,0,2,0,0,0,1
TOBG_MED_750,1,0,0,1,0,0,0,2
TOBG_MED_751,0,0,0,2,0,0,0,0
TOBG_MED_752,3,0,0,4,0,0,0,3
TOBG_MED_753,2,0,0,1,0,0,0,0
TOBG_MED_754,1,0,0,1,1,0,0,2
TOBG_MED_755,1,0,0,5,0,0,1,3
TOBG_MED_756,5,0,0,4,0,0,4,4
TOBG_MED_757,1,0,0,3,0,0,0,2
TOBG_MED_758,3,0,0,0,0,0,0,1
TOBG_MED_759,6,0,0,2,1,0,1,3
TOBG_MED_760,2,0,0,1,0,0,3,0
TOBG_MED_761,0,0,0,2,0,0,0,0
TOBG_MED_762,3,0,0,3,0,0,0,2
TOBG_MED_763,2,0,0,2,0,0,0,2
TOBG_MED_764,1,0,0,1,0,0,0,0
TOBG_MED_765,4,0,0,2,0,0,3,1
TOBG_MED_766,2,0,0,1,0,0,3,5
TOBG_MED_767,1,0,0,0,1,0,1,1
TOBG_MED_768,2,0,0,1,0,0,1,0
TOBG_MED_769,0,0,0,1,0,0,0,1
TOBG_MED_770,1,0,0,2,0,0,1,0
TOBG_MED_771,1,0,0,1,0,0,0,3
TOBG_MED_772,1,0,0,1,1,0,1,2
TOBG_MED_773,3,0,0,1,0,0,1,1
TOBG_MED_774,1,0,0,1,0,0,1,2
TOBG_MED_775,2,0,0,4,0,0,5,6
TOBG_MED_776,14,0,0,1,0,0,8,2
TOBG_MED_777,1,0,0,2,0,0,1,0
TOBG_MED_778,2,0,0,1,0,0,0,2
TOBG_MED_779,2,0,0,1,0,0,0,2
TOBG_MED_780,0,0,0,1,0,0,0,4
TOBG_MED_781,1,0,0,2,0,0,4,4
TOBG_MED_782,1,0,0,4,0,0,0,2
TOBG_MED_783,2,0,0,3,0,0,0,0
TOBG_MED_784,1,0,0,0,0,0,0,0
TOBG_MED_785,0,0,0,0,0,0,0,2
TOBG_MED_786,1,0,0,2,0,0,0,2
TOBG_MED_787,1,0,0,2,0,0,1,1
TOBG_MED_788,0,0,0,1,0,0,0,0
TOBG_MED_789,0,0,0,3,0,0,0,1
TOBG_MED_790,1,0,0,1,0,0,1,0
TOBG_MED_791,1,0,0,2,0,0,0,0
TOBG_MED_792,1,0,0,2,3,0,1,3
TOBG_MED_793,2,0,0,4,2,0,3,2
TOBG_MED_794,2,0,0,3,2,0,1,2
TOBG_MED_795,0,0,0,3,0,0,0,0
TOBG_MED_796,2,0,0,4,0,0,0,2
TOBG_MED_797,3,0,0,3,0,0,6,3
TOBG_MED_798,2,0,0,1,0,0,1,0
TOBG_MED_800,3,0,0,4,2,0,2,5
TOBG_MED_801,2,0,0,0,0,0,0,0
TOBG_MED_802,0,0,0,0,0,0,0,2
TOBG_MED_803,6,0,0,6,0,0,4,5
TOBG_MED_804,1,0,0,1,0,0,0,4
TOBG_MED_805,1,0,0,2,0,0,0,2
TOBG_MED_806,2,0,0,3,0,0,2,0
TOBG_MED_807,1,0,0,1,0,0,1,0
TOBG_MED_808,0,0,0,1,0,0,0,0
TOBG_MED_809,2,0,0,2,0,0,0,5
TOBG_MED_810,7,0,0,2,0,0,2,4
TOBG_MED_811,1,0,0,1,0,0,0,0
TOBG_MED_812,1,0,0,5,0,0,0,0
TOBG_MED_813,3,0,0,2,0,0,2,2
TOBG_MED_814,8,0,0,1,0,0,3,5
TOBG_MED_815,5,0,0,2,0,0,1,3
TOBG_MED_816,1,0,0,2,0,0,2,4
TOBG_MED_817,0,0,0,1,0,0,0,4
TOBG_MED_818,0,0,0,2,0,0,0,0
TOBG_MED_819,2,0,0,2,0,0,0,3
TOBG_MED_820,6,0,0,5,0,0,3,5
TOBG_MED_821,5,0,0,0,0,0,2,3
TOBG_MED_822,0,0,0,0,0,0,0,3
TOBG_MED_823,1,0,0,1,0,0,0,2
TOBG_MED_824,2,0,0,2,0,0,1,3
TOBG_MED_825,7,0,0,6,2,0,3,2
TOBG_MED_826,3,0,0,1,3,0,1,3
TOBG_MED_827,1,0,0,1,0,0,0,2
TOBG_MED_828,5,0,0,2,0,0,3,3
TOBG_MED_829,1,0,0,4,0,0,0,0
TOBG_MED_830,2,0,0,0,0,0,0,2
TOBG_MED_831,3,0,0,4,0,0,1,3
TOBG_MED_832,1,0,0,0,0,0,0,2
TOBG_MED_833,1,0,0,1,0,0,0,0
TOBG_MED_834,6,0,0,2,0,0,3,4
TOBG_MED_835,1,0,0,1,0,0,0,0
TOBG_MED_836,4,0,0,0,0,0,1,2
TOBG_MED_837,6,0,0,2,1,0,5,3
TOBG_MED_838,0,0,0,2,0,0,0,2
TOBG_MED_839,2,0,0,1,0,0,0,1
TOBG_MED_840,0,0,0,2,0,0,0,0
TOBG_MED_841,2,0,0,2,0,0,0,0
TOBG_MED_842,4,0,0,1,0,0,1,0
TOBG_MED_843,0,0,0,1,0,0,0,0
TOBG_MED_844,4,0,0,5,2,0,1,4
TOBG_MED_845,0,0,0,1,0,0,0,2
TOBG_MED_846,1,0,0,2,0,0,1,0
TOBG_MED_847,1,0,0,2,0,0,0,0
TOBG_MED_848,1,0,0,1,0,0,0,1
TOBG_MED_849,0,0,0,2,0,0,0,2
TOBG_MED_850,1,0,0,2,1,0,1,1
TOBG_MED_851,2,0,0,1,0,0,0,0
TOBG_MED_852,1,0,0,2,0,0,0,2
TOBG_MED_853,1,0,0,2,0,0,1,0
TOBG_MED_854,1,0,0,3,1,0,0,0
TOBG_MED_855,2,0,0,1,0,0,0,3
TOBG_MED_856,2,0,0,1,0,0,0,2
TOBG_MED_857,2,0,0,3,0,0,0,2
TOBG_MED_858,4,0,0,5,0,0,2,1
TOBG_MED_859,1,0,0,1,0,0,0,2
TOBG_MED_861,1,0,0,1,0,0,1,0
TOBG_MED_862,0,0,0,3,0,0,0,0
TOBG_MED_863,3,0,0,3,1,0,1,3
TOBG_MED_864,5,0,0,3,0,0,4,6
TOBG_MED_865,1,0,0,2,0,0,0,3
TOBG_MED_866,1,0,0,4,0,0,0,0
TOBG_MED_867,6,0,0,3,1,0,4,3
TOBG_MED_868,0,0,0,1,0,0,0,0
TOBG_MED_869,5,0,0,3,0,0,4,4
TOBG_MED_870,1,0,0,2,0,0,1,1
TOBG_MED_871,0,0,0,0,0,0,0,0
TOBG_MED_872,0,0,0,1,0,0,0,2
TOBG_MED_873,1,0,0,1,1,0,1,2
TOBG_MED_874,0,0,0,0,0,0,0,0
TOBG_MED_875,2,0,0,2,0,0,2,0
TOBG_MED_876,2,0,0,1,0,0,1,1
TOBG_MED_877,0,0,0,1,0,0,0,2
TOBG_MED_878,1,0,0,1,0,0,0,3
TOBG_MED_879,4,0,0,1,0,0,0,3
TOBG_MED_880,7,0,0,0,1,0,3,3
TOBG_MED_881,1,0,0,2,0,0,0,2
TOBG_MED_882,3,0,0,2,0,0,4,4
TOBG_MED_883,1,0,0,1,2,0,1,1
TOBG_MED_884,0,0,0,0,0,0,0,0
TOBG_MED_899,1,0,0,2,0,0,1,0
TOBG_MED_921,2,0,0,2,0,0,1,0
TOBG_MED_928,8,0,0,2,0,0,4,5
TOBG_MED_932,1,0,0,1,0,0,0,2
TOBG_MED_939,0,0,0,1,0,0,0,2
TOBG_MED_943,1,0,0,1,0,0,0,2
TOBG_MED_947,1,0,0,1,0,0,1,2
TOBG_MED_950,2,0,0,1,0,0,3,5
TOBG_MED_952,0,0,0,1,0,0,0,1
TOBG_MED_955,2,0,0,2,0,0,0,4
TOBG_MED_957,1,0,0,1,0,0,0,2
TOBG_MED_961,1,0,0,1,0,0,0,3
TOBG_MED_965,3,0,0,1,0,0,3,3
TOBG_MED_972,2,0,0,3,0,0,0,0
TOBG_MED_995,2,0,0,2,0,0,0,0
TOBG_MED_999,1,0,0,0,0,0,0,2
TOBG_NAT_1,6,0,0,3,0,0,2,2
TOBG_NAT_10,8,1,0,3,1,0,8,4
TOBG_NAT_100,8,0,0,4,1,0,6,2
TOBG_NAT_101,5,0,0,2,0,0,3,4
TOBG_NAT_102,5,0,0,6,2,0,4,3
TOBG_NAT_103,0,0,0,2,0,0,0,0
TOBG_NAT_104,1,0,0,3,0,0,0,1
TOBG_NAT_105,1,0,0,0,0,0,0,1
TOBG_NAT_106,5,0,0,3,1,0,4,3
TOBG_NAT_107,3,0,0,1,0,0,3,1
TOBG_NAT_108,6,0,0,2,1,0,1,2
TOBG_NAT_109,4,0,0,1,1,0,1,3
TOBG_NAT_11,1,0,0,2,0,0,1,2
TOBG_NAT_110,3,0,0,3,0,0,1,2
TOBG_NAT_111,3,1,0,4,0,0,0,3
TOBG_NAT_112,1,0,0,2,0,0,1,0
TOBG_NAT_113,3,0,0,4,0,0,1,2
TOBG_NAT_114,3,0,0,4,4,0,1,1
TOBG_NAT_115,8,0,0,0,1,0,5,0
TOBG_NAT_116,6,2,0,2,1,0,0,4
TOBG_NAT_117,5,4,0,6,0,1,7,3
TOBG_NAT_118,1,0,0,2,0,0,1,2
TOBG_NAT_119,6,0,0,2,2,0,5,2
TOBG_NAT_12,0,0,0,2,0,0,0,0
TOBG_NAT_120,1,0,0,1,0,0,1,0
TOBG_NAT_121,19,1,0,8,0,1,13,4
TOBG_NAT_122,4,1,1,1,3,0,5,1
TOBG_NAT_123,16,2,0,2,0,1,19,5
TOBG_NAT_124,9,4,0,3,1,1,8,2
TOBG_NAT_125,5,10,0,2,0,0,3,5
TOBG_NAT_126,5,1,0,2,0,0,0,3
TOBG_NAT_127,22,1,0,2,1,0,14,6
TOBG_NAT_128,5,1,0,5,0,0,2,3
TOBG_NAT_129,2,3,0,4,0,1,1,6
TOBG_NAT_13,3,0,0,3,2,0,3,3
TOBG_NAT_130,5,2,1,5,2,0,5,4
TOBG_NAT_131,10,0,0,7,3,0,6,3
TOBG_NAT_132,4,0,0,2,0,0,2,1
TOBG_NAT_133,5,2,0,4,1,0,6,1
TOBG_NAT_134,2,2,1,4,0,1,2,2
TOBG_NAT_135,1,0,0,2,0,0,1,1
TOBG_NAT_136,1,0,0,3,0,0,0,0
TOBG_NAT_137,7,0,0,3,0,0,4,1
TOBG_NAT_138,4,0,0,3,0,0,1,2
TOBG_NAT_139,1,0,0,2,0,0,1,0
TOBG_NAT_14,4,0,0,3,1,0,3,3
TOBG_NAT_140,2,0,0,1,0,0,1,4
TOBG_NAT_141,1,0,0,3,0,0,0,0
TOBG_NAT_142,1,0,0,1,0,0,1,3
TOBG_NAT_143,7,0,0,4,0,0,5,2
TOBG_NAT_144,5,0,0,3,0,0,2,3
TOBG_NAT_145,1,0,0,0,0,0,0,2
TOBG_NAT_146,1,0,0,1,0,0,0,2
TOBG_NAT_147,1,0,0,1,0,0,0,0
TOBG_NAT_148,1,0,0,2,0,0,1,2
TOBG_NAT_149,1,0,0,6,1,0,1,1
TOBG_NAT_15,3,0,0,5,0,0,0,5
TOBG_NAT_150,2,0,0,1,0,0,0,0
TOBG_NAT_151,2,0,0,1,0,0,1,0
TOBG_NAT_152,3,0,0,5,0,0,1,2
TOBG_NAT_153,2,1,0,5,0,0,2,2
TOBG_NAT_154,1,0,0,2,0,0,1,0
TOBG_NAT_155,6,0,0,4,0,0,4,4
TOBG_NAT_156,0,0,0,0,0,0,0,2
TOBG_NAT_157,7,0,0,1,0,2,3,5
TOBG_NAT_158,8,0,0,1,0,0,2,3
TOBG_NAT_159,1,0,0,2,1,0,1,4
TOBG_NAT_16,1,0,0,2,0,0,0,6
TOBG_NAT_160,2,0,0,3,0,0,0,0
TOBG_NAT_161,1,0,0,2,0,0,0,2
TOBG_NAT_162,0,0,0,2,0,0,0,0
TOBG_NAT_163,1,0,0,3,0,0,0,2
TOBG_NAT_164,3,0,0,0,0,0,3,2
TOBG_NAT_165,2,0,0,3,0,0,0,0
TOBG_NAT_166,1,0,0,4,0,0,0,0
TOBG_NAT_167,13,0,0,9,4,0,12,8
TOBG_NAT_168,0,1,0,2,0,0,0,2
TOBG_NAT_169,19,0,0,7,1,0,9,11
TOBG_NAT_17,9,4,0,7,2,0,5,6
TOBG_NAT_170,3,2,0,9,0,0,0,3
TOBG_NAT_171,7,0,0,3,1,0,5,4
TOBG_NAT_172,1,0,0,2,0,0,1,2
TOBG_NAT_173,12,1,0,4,2,0,4,4
TOBG_NAT_174,6,0,0,2,0,0,3,6
TOBG_NAT_175,2,0,0,2,0,0,0,2
TOBG_NAT_176,3,3,1,3,0,0,0,3
TOBG_NAT_177,2,0,0,1,0,0,0,0
TOBG_NAT_178,3,3,0,2,0,0,1,1
TOBG_NAT_179,1,0,0,4,0,0,0,0
TOBG_NAT_18,1,0,0,2,0,0,1,0
TOBG_NAT_180,1,0,0,3,0,0,1,0
TOBG_NAT_181,3,0,0,1,0,0,5,3
TOBG_NAT_182,0,0,0,8,1,0,0,4
TOBG_NAT_183,1,0,0,4,1,0,2,3
TOBG_NAT_184,0,0,0,2,0,0,0,0
TOBG_NAT_185,4,0,0,6,2,0,3,5
TOBG_NAT_186,1,0,0,2,0,0,1,0
TOBG_NAT_187,1,0,0,5,0,0,0,0
TOBG_NAT_188,8,0,0,3,0,0,7,4
TOBG_NAT_189,3,0,0,0,0,0,2,1
TOBG_NAT_19,1,2,0,6,0,0,1,2
TOBG_NAT_190,4,0,0,3,0,0,4,0
TOBG_NAT_191,1,0,0,2,0,0,0,0
TOBG_NAT_192,0,0,0,1,1,0,0,0
TOBG_NAT_193,1,0,0,2,0,0,0,0
TOBG_NAT_194,4,0,0,4,0,0,2,2
TOBG_NAT_195,1,0,0,0,0,0,0,3
TOBG_NAT_196,3,0,0,1,0,0,1,4
TOBG_NAT_197,2,0,0,1,0,0,0,5
TOBG_NAT_198,1,0,0,1,0,0,0,1
TOBG_NAT_199,4,0,0,4,0,0,3,1
TOBG_NAT_2,3,0,0,4,0,0,5,0
TOBG_NAT_20,7,4,0,6,2,0,9,3
TOBG_NAT_200,1,0,0,2,0,0,0,2
TOBG_NAT_201,6,0,0,0,1,0,1,1
TOBG_NAT_202,4,0,0,1,0,0,5,3
TOBG_NAT_203,1,0,0,3,0,0,0,1
TOBG_NAT_204,0,0,0,1,0,0,0,0
TOBG_NAT_205,1,0,0,4,0,0,0,1
TOBG_NAT_206,4,0,0,3,0,0,4,4
TOBG_NAT_207,3,0,0,0,1,0,3,3
TOBG_NAT_208,2,0,0,0,0,0,3,3
TOBG_NAT_209,4,0,0,3,0,0,1,3
TOBG_NAT_21,10,0,0,6,1,0,5,3
TOBG_NAT_210,5,0,0,4,0,0,1,3
TOBG_NAT_211,2,0,0,2,0,0,2,0
TOBG_NAT_212,4,0,0,5,0,0,2,5
TOBG_NAT_213,0,0,0,2,0,0,0,0
TOBG_NAT_214,2,1,0,3,0,0,3,0
TOBG_NAT_215,3,0,0,1,0,0,0,1
TOBG_NAT_216,5,0,0,3,0,0,3,2
TOBG_NAT_217,0,0,0,3,0,0,0,2
TOBG_NAT_218,3,0,0,5,0,0,4,2
TOBG_NAT_219,1,0,0,2,0,0,2,0
TOBG_NAT_22,6,1,1,4,6,0,7,3
TOBG_NAT_220,1,0,0,5,0,0,0,0
TOBG_NAT_221,4,2,0,3,1,0,4,2
TOBG_NAT_222,0,0,0,3,1,0,0,1
TOBG_NAT_223,3,0,0,3,1,0,3,1
TOBG_NAT_224,1,0,0,3,0,0,1,1
TOBG_NAT_225,4,0,0,3,0,0,2,4
TOBG_NAT_226,9,0,0,3,0,0,5,3
TOBG_NAT_227,1,0,0,3,0,0,0,0
TOBG_NAT_228,0,0,0,2,0,0,0,2
TOBG_NAT_229,0,1,0,2,0,0,0,0
TOBG_NAT_23,6,0,0,5,0,0,5,1
TOBG_NAT_230,5,0,0,6,0,0,4,2
TOBG_NAT_231,0,0,0,2,0,0,0,2
TOBG_NAT_232,4,0,0,1,0,0,2,3
TOBG_NAT_233,3,0,0,3,0,0,0,3
TOBG_NAT_234,2,0,0,1,0,0,2,2
TOBG_NAT_235,3,1,0,1,2,0,0,3
TOBG_NAT_236,2,0,0,3,0,0,0,2
TOBG_NAT_237,1,0,0,1,1,0,0,4
TOBG_NAT_238,2,0,0,3,0,0,2,1
TOBG_NAT_239,14,1,0,3,1,0,8,3
TOBG_NAT_24,4,0,0,4,1,0,1,4
TOBG_NAT_240,3,0,0,2,0,0,3,2
TOBG_NAT_241,6,0,0,3,0,0,3,4
TOBG_NAT_242,5,0,0,2,0,0,2,0
TOBG_NAT_243,2,0,0,0,0,0,0,1
TOBG_NAT_244,3,0,0,1,0,0,0,0
TOBG_NAT_245,1,0,0,1,0,0,2,4
TOBG_NAT_246,3,0,0,6,0,0,3,3
TOBG_NAT_247,2,0,0,2,0,0,0,2
TOBG_NAT_248,2,0,0,3,0,0,0,2
TOBG_NAT_249,0,0,0,2,1,0,0,1
TOBG_NAT_25,0,0,0,3,0,0,0,0
TOBG_NAT_250,5,1,0,1,0,0,0,3
TOBG_NAT_251,0,0,0,0,0,0,0,2
TOBG_NAT_252,0,0,0,1,0,0,0,2
TOBG_NAT_253,15,0,0,6,0,0,5,7
TOBG_NAT_254,2,0,0,2,0,0,0,2
TOBG_NAT_255,7,0,0,3,1,0,5,2
TOBG_NAT_256,0,0,0,2,0,0,0,0
TOBG_NAT_257,5,0,0,3,0,0,3,3
TOBG_NAT_258,5,0,0,3,0,0,1,1
TOBG_NAT_259,3,0,0,3,0,0,1,2
TOBG_NAT_26,9,2,0,7,6,0,3,3
TOBG_NAT_260,2,0,0,2,0,0,3,0
TOBG_NAT_261,2,1,0,3,0,0,1,3
TOBG_NAT_262,2,0,0,2,0,0,5,1
TOBG_NAT_263,1,0,0,1,0,0,0,2
TOBG_NAT_264,4,0,0,3,2,0,1,0
TOBG_NAT_265,1,0,0,4,0,0,0,2
TOBG_NAT_266,1,0,0,1,0,0,1,0
TOBG_NAT_267,2,0,0,1,0,0,1,2
TOBG_NAT_268,3,0,0,0,0,0,2,1
TOBG_NAT_269,1,0,0,4,0,0,0,2
TOBG_NAT_27,5,0,0,1,0,0,0,1
TOBG_NAT_270,1,0,0,1,0,0,0,2
TOBG_NAT_271,3,0,0,1,0,0,3,7
TOBG_NAT_272,0,0,0,1,0,0,0,0
TOBG_NAT_273,0,0,0,0,0,0,0,0
TOBG_NAT_274,2,0,0,2,0,0,0,0
TOBG_NAT_275,1,0,0,2,0,0,1,0
TOBG_NAT_276,5,0,0,4,0,0,1,3
TOBG_NAT_277,2,0,0,2,0,0,0,3
TOBG_NAT_278,2,0,0,3,1,0,2,1
TOBG_NAT_279,1,0,0,1,0,0,0,0
TOBG_NAT_28,5,0,0,3,0,0,0,3
TOBG_NAT_280,3,0,0,1,0,0,2,0
TOBG_NAT_281,2,0,0,1,0,0,1,2
TOBG_NAT_282,7,0,0,2,0,0,3,5
TOBG_NAT_283,1,0,0,1,0,0,1,0
TOBG_NAT_284,7,0,0,4,0,0,5,2
TOBG_NAT_288,1,0,0,3,0,0,1,0
TOBG_NAT_29,1,1,0,2,0,0,2,3
TOBG_NAT_290,2,2,0,4,1,0,2,2
TOBG_NAT_291,5,1,0,8,0,0,1,4
TOBG_NAT_292,2,0,0,2,0,0,2,2
TOBG_NAT_3,15,0,0,8,0,0,9,5
TOBG_NAT_30,10,4,0,5,0,0,6,4
TOBG_NAT_302,2,0,0,3,0,0,3,0
TOBG_NAT_31,0,0,0,2,0,0,0,2
TOBG_NAT_32,5,0,1,5,0,0,3,0
TOBG_NAT_33,6,1,0,6,0,0,3,6
TOBG_NAT_333,1,0,0,0,0,0,0,0
TOBG_NAT_34,2,0,0,2,0,0,0,3
TOBG_NAT_35,1,0,0,2,0,0,1,0
TOBG_NAT_353,3,0,0,0,0,0,1,3
TOBG_NAT_36,2,0,0,1,0,0,1,0
TOBG_NAT_37,1,0,0,2,0,0,1,0
TOBG_NAT_375,0,0,0,1,0,0,0,2
TOBG_NAT_38,3,0,0,3,0,0,0,0
TOBG_NAT_39,8,0,0,4,0,0,8,2
TOBG_NAT_392,3,0,0,1,0,0,1,3
TOBG_NAT_4,15,4,0,3,6,0,4,3
TOBG_NAT_40,3,0,0,1,2,0,1,1
TOBG_NAT_41,2,0,0,3,0,0,0,3
TOBG_NAT_417,2,0,0,2,0,0,3,2
TOBG_NAT_42,0,0,0,3,0,0,0,0
TOBG_NAT_422,0,0,0,2,0,0,0,1
TOBG_NAT_43,3,0,0,3,1,0,1,2
TOBG_NAT_430,0,0,0,3,0,0,0,1
TOBG_NAT_44,0,0,0,3,0,0,0,0
TOBG_NAT_441,2,0,0,2,0,0,3,2
TOBG_NAT_45,1,0,0,4,0,0,0,0
TOBG_NAT_453,2,0,0,3,0,0,2,0
TOBG_NAT_46,9,0,0,2,2,0,4,4
TOBG_NAT_47,3,0,0,3,0,0,3,4
TOBG_NAT_472,2,0,0,2,0,0,2,2
TOBG_NAT_478,2,0,0,1,0,0,3,6
TOBG_NAT_48,4,0,0,3,3,0,0,5
TOBG_NAT_483,0,0,0,1,0,0,0,0
TOBG_NAT_484,0,0,0,1,0,0,0,0
TOBG_NAT_49,4,0,0,3,0,0,3,3
TOBG_NAT_493,0,0,0,3,0,0,0,1
TOBG_NAT_495,0,0,0,3,0,0,0,0
TOBG_NAT_5,4,2,0,5,0,0,0,1
TOBG_NAT_50,0,0,0,1,0,0,0,0
TOBG_NAT_501,2,0,0,3,0,0,0,0
TOBG_NAT_503,0,0,0,3,0,0,1,2
TOBG_NAT_504,1,0,0,1,0,0,2,4
TOBG_NAT_509,1,0,0,2,0,0,0,1
TOBG_NAT_51,2,0,0,2,0,0,1,1
TOBG_NAT_510,0,0,0,2,0,0,1,1
TOBG_NAT_52,0,0,0,3,0,0,0,0
TOBG_NAT_53,1,0,0,2,0,0,1,2
TOBG_NAT_535,0,0,0,3,1,0,0,1
TOBG_NAT_54,2,0,0,1,0,0,3,2
TOBG_NAT_545,2,1,0,0,0,0,2,0
TOBG_NAT_549,1,0,0,1,0,0,0,0
TOBG_NAT_55,1,0,0,3,0,0,0,0
TOBG_NAT_56,5,0,0,0,0,0,3,3
TOBG_NAT_57,0,0,0,0,0,0,0,0
TOBG_NAT_575,2,0,0,5,0,0,3,3
TOBG_NAT_579,2,0,0,2,0,0,1,2
TOBG_NAT_58,2,0,0,2,0,0,0,1
TOBG_NAT_59,2,0,0,1,0,0,0,0
TOBG_NAT_6,6,0,0,3,0,0,1,2
TOBG_NAT_60,5,0,0,2,0,0,2,5
TOBG_NAT_608,1,0,0,3,0,0,0,0
TOBG_NAT_61,10,0,0,3,0,0,4,3
TOBG_NAT_62,2,0,0,2,0,0,0,1
TOBG_NAT_63,0,0,0,3,0,0,0,0
TOBG_NAT_630,2,0,0,3,0,0,2,5
TOBG_NAT_634,0,0,0,2,0,0,0,3
TOBG_NAT_64,12,0,0,8,1,0,1,3
TOBG_NAT_65,3,0,0,3,0,0,3,1
TOBG_NAT_653,0,0,0,1,0,0,0,4
TOBG_NAT_66,8,0,0,5,2,0,7,4
TOBG_NAT_661,3,0,0,1,0,0,2,2
TOBG_NAT_67,8,1,0,1,6,0,2,4
TOBG_NAT_68,1,0,0,3,0,0,1,0
TOBG_NAT_682,5,0,0,6,1,0,3,3
TOBG_NAT_686,3,0,0,5,1,0,1,4
TOBG_NAT_69,5,0,0,2,1,0,3,3
TOBG_NAT_7,10,0,0,9,1,0,4,6
TOBG_NAT_70,2,0,0,1,1,0,1,1
TOBG_NAT_71,6,0,0,5,0,0,7,4
TOBG_NAT_72,4,0,0,1,0,0,1,2
TOBG_NAT_73,2,0,0,1,0,0,4,1
TOBG_NAT_74,0,0,0,3,0,0,0,1
TOBG_NAT_75,8,1,0,5,0,0,1,4
TOBG_NAT_76,4,0,0,1,1,0,1,5
TOBG_NAT_77,2,0,0,0,0,0,0,0
TOBG_NAT_78,2,0,0,2,0,0,1,0
TOBG_NAT_79,6,0,0,2,0,0,2,2
TOBG_NAT_8,9,1,0,7,0,0,5,3
TOBG_NAT_80,1,0,0,5,0,0,0,3
TOBG_NAT_81,5,0,0,3,0,0,4,3
TOBG_NAT_82,9,2,0,8,1,0,6,7
TOBG_NAT_83,1,0,0,1,0,0,0,2
TOBG_NAT_84,9,0,0,5,0,0,5,4
TOBG_NAT_85,5,0,0,1,0,0,1,4
TOBG_NAT_86,1,0,0,2,0,0,1,0
TOBG_NAT_87,4,0,0,1,0,0,3,3
TOBG_NAT_88,2,0,0,4,0,0,0,0
TOBG_NAT_89,3,0,0,2,0,0,1,4
TOBG_NAT_9,5,0,0,7,0,0,2,1
TOBG_NAT_90,1,0,0,2,1,0,0,0
TOBG_NAT_91,3,1,0,2,0,0,0,4
TOBG_NAT_92,4,0,0,4,0,0,0,4
TOBG_NAT_93,1,0,0,1,0,0,1,2
TOBG_NAT_94,22,6,0,6,9,0,9,3
TOBG_NAT_95,2,0,0,2,0,0,2,2
TOBG_NAT_96,1,0,0,2,0,0,1,0
TOBG_NAT_97,0,0,0,0,0,0,0,0
TOBG_NAT_98,3,0,0,1,0,0,4,2
TOBG_NAT_99,1,0,0,3,0,0,0,0
TOBG_NP_1,9,0,0,2,0,0,2,3
TOBG_NP_10,7,2,0,6,1,0,4,4
TOBG_NP_100,9,0,0,2,0,0,2,2
TOBG_NP_1000,2,0,0,0,0,0,0,0
TOBG_NP_1001,3,0,0,2,0,0,7,5
TOBG_NP_101,4,0,0,2,0,0,1,4
TOBG_NP_102,1,0,0,1,0,0,0,1
TOBG_NP_1026,6,1,0,1,0,0,3,2
TOBG_NP_103,1,2,0,6,0,0,1,2
TOBG_NP_1036,2,0,0,2,0,0,1,0
TOBG_NP_1037,0,0,0,1,0,0,0,0
TOBG_NP_104,1,0,0,2,0,0,0,0
TOBG_NP_1044,10,0,0,4,0,0,7,4
TOBG_NP_1046,3,0,0,3,0,0,1,2
TOBG_NP_1048,1,0,0,0,0,0,0,2
TOBG_NP_105,2,1,0,1,0,0,1,2
TOBG_NP_1051,6,0,0,1,0,0,2,1
TOBG_NP_1052,1,0,0,1,1,0,1,2
TOBG_NP_1057,5,0,0,0,0,0,2,4
TOBG_NP_106,1,0,0,1,0,0,0,0
TOBG_NP_1069,1,0,0,0,0,0,1,6
TOBG_NP_107,1,1,0,3,0,0,0,1
TOBG_NP_1070,2,0,0,1,0,0,1,4
TOBG_NP_1071,5,0,0,2,0,0,2,2
TOBG_NP_1073,6,0,0,4,0,0,3,5
TOBG_NP_108,2,0,0,2,0,0,1,0
TOBG_NP_1080,2,0,0,1,0,0,4,0
TOBG_NP_109,5,2,1,4,0,0,3,3
TOBG_NP_1098,2,0,0,5,1,0,0,1
TOBG_NP_11,3,0,0,3,0,0,1,2
TOBG_NP_110,2,0,0,1,0,0,5,1
TOBG_NP_1106,1,1,0,0,0,0,0,1
TOBG_NP_111,6,1,0,6,1,0,2,3
TOBG_NP_112,1,0,0,1,0,0,3,2
TOBG_NP_1124,0,0,0,2,0,0,0,6
TOBG_NP_113,18,1,0,5,0,0,14,13
TOBG_NP_114,1,2,0,0,0,0,0,3
TOBG_NP_115,0,2,0,2,0,0,0,0
TOBG_NP_1152,0,0,0,4,1,0,0,0
TOBG_NP_1159,0,0,0,1,0,0,0,0
TOBG_NP_116,1,0,0,1,0,0,1,0
TOBG_NP_1160,0,0,0,3,0,0,1,0
TOBG_NP_117,3,0,0,2,0,0,1,2
TOBG_NP_1171,4,0,0,3,1,0,3,2
TOBG_NP_118,3,0,0,3,0,0,2,2
TOBG_NP_1180,4,0,0,5,0,0,3,5
TOBG_NP_119,12,1,0,4,1,0,5,4
TOBG_NP_12,14,2,0,4,0,0,4,4
TOBG_NP_120,4,3,1,4,0,0,0,3
TOBG_NP_1202,2,0,0,1,0,0,0,2
TOBG_NP_1207,4,0,0,1,0,0,1,1
TOBG_NP_121,0,0,0,2,1,0,0,5
TOBG_NP_122,7,0,0,4,1,0,7,7
TOBG_NP_123,1,0,0,2,0,0,0,3
TOBG_NP_124,21,1,0,2,0,0,11,3
TOBG_NP_125,13,0,0,3,1,0,5,5
TOBG_NP_1256,1,2,0,2,0,0,0,1
TOBG_NP_126,2,0,0,1,0,0,3,2
TOBG_NP_127,2,0,0,6,1,0,0,2
TOBG_NP_1271,1,0,0,3,0,0,7,1
TOBG_NP_1277,1,0,0,1,0,0,2,2
TOBG_NP_128,1,0,0,1,0,0,1,0
TOBG_NP_1282,2,0,0,2,0,0,1,2
TOBG_NP_1285,3,1,0,3,0,0,4,1
TOBG_NP_129,2,0,0,1,0,0,1,0
TOBG_NP_1295,1,0,0,0,0,0,0,0
TOBG_NP_1297,0,0,0,1,0,0,1,0
TOBG_NP_13,10,2,0,4,0,0,3,4
TOBG_NP_130,1,0,0,2,1,0,0,2
TOBG_NP_1301,0,0,0,2,0,0,0,2
TOBG_NP_1304,2,0,0,2,0,0,1,2
TOBG_NP_131,2,0,0,0,0,0,6,1
TOBG_NP_132,6,0,0,4,0,0,10,3
TOBG_NP_1321,0,0,0,2,0,0,0,0
TOBG_NP_1324,1,0,0,2,0,0,3,0
TOBG_NP_133,4,1,0,3,0,0,9,2
TOBG_NP_134,3,0,0,0,2,0,4,2
TOBG_NP_1344,2,0,0,3,0,0,3,0
TOBG_NP_135,4,1,0,2,0,0,2,3
TOBG_NP_136,0,1,0,1,0,0,0,1
TOBG_NP_137,2,0,0,2,0,0,3,0
TOBG_NP_1374,2,0,0,2,0,0,3,4
TOBG_NP_1378,1,0,0,2,0,0,0,1
TOBG_NP_138,5,0,0,3,0,0,10,9
TOBG_NP_139,5,1,0,1,0,0,5,4
TOBG_NP_1391,5,0,0,0,0,0,1,5
TOBG_NP_1395,5,0,0,3,1,0,3,2
TOBG_NP_14,2,0,0,5,0,0,3,2
TOBG_NP_140,11,0,0,2,1,0,1,3
TOBG_NP_1400,4,0,0,3,2,0,2,4
TOBG_NP_141,2,0,0,3,0,1,4,4
TOBG_NP_142,0,1,0,2,0,0,0,0
TOBG_NP_143,2,0,0,0,1,0,0,0
TOBG_NP_144,0,0,0,1,0,0,0,2
TOBG_NP_1444,4,0,0,1,1,0,1,3
TOBG_NP_145,0,0,0,1,0,0,0,0
TOBG_NP_146,2,0,0,3,0,0,1,2
TOBG_NP_1463,4,1,2,5,0,0,0,4
TOBG_NP_1466,0,0,0,0,0,0,0,1
TOBG_NP_147,1,0,0,1,0,0,1,0
TOBG_NP_1472,3,0,0,1,1,0,0,0
TOBG_NP_148,3,0,0,8,0,0,3,2
TOBG_NP_149,5,0,0,1,0,0,4,2
TOBG_NP_1496,0,0,0,2,0,0,0,3
TOBG_NP_15,6,0,0,2,0,0,1,4
TOBG_NP_150,1,0,0,2,0,0,4,3
TOBG_NP_151,5,0,0,4,1,0,1,3
TOBG_NP_152,1,0,0,0,0,0,7,1
TOBG_NP_1521,1,0,0,2,0,0,1,0
TOBG_NP_153,7,1,0,1,0,0,13,5
TOBG_NP_155,3,0,0,3,0,0,2,2
TOBG_NP_156,4,0,0,3,0,0,1,3
TOBG_NP_16,12,0,0,2,0,0,6,4
TOBG_NP_17,2,0,0,2,1,0,2,1
TOBG_NP_18,1,0,0,2,0,0,1,0
TOBG_NP_19,1,0,0,2,0,0,3,4
TOBG_NP_2,7,0,0,3,1,0,3,4
TOBG_NP_20,6,0,0,2,2,0,5,2
TOBG_NP_21,7,2,0,1,0,0,4,4
TOBG_NP_22,1,1,0,3,0,0,0,0
TOBG_NP_23,5,0,0,5,0,0,3,2
TOBG_NP_24,6,0,0,4,0,0,4,10
TOBG_NP_25,3,1,0,2,1,0,0,4
TOBG_NP_26,5,1,0,3,2,0,0,3
TOBG_NP_27,4,2,0,3,0,0,3,3
TOBG_NP_28,15,0,0,4,0,0,3,3
TOBG_NP_29,14,2,0,8,0,0,7,7
TOBG_NP_3,10,5,0,4,3,0,7,3
TOBG_NP_30,11,1,0,3,1,0,4,1
TOBG_NP_31,9,0,0,1,1,0,3,5
TOBG_NP_32,13,0,0,7,6,1,3,6
TOBG_NP_33,14,0,0,4,0,0,3,5
TOBG_NP_34,12,1,0,3,0,0,4,4
TOBG_NP_35,10,1,0,6,7,0,3,5
TOBG_NP_36,8,2,0,5,0,0,10,4
TOBG_NP_37,3,2,0,1,1,0,11,4
TOBG_NP_38,1,0,0,2,1,0,1,3
TOBG_NP_39,10,2,0,7,6,0,3,5
TOBG_NP_4,24,0,0,3,0,0,12,3
TOBG_NP_40,9,2,0,3,0,0,2,4
TOBG_NP_41,3,0,0,3,0,0,5,4
TOBG_NP_42,0,0,0,4,1,0,0,5
TOBG_NP_43,10,1,0,2,0,0,3,3
TOBG_NP_44,1,0,0,2,0,0,0,1
TOBG_NP_45,9,3,0,3,1,0,7,6
TOBG_NP_46,7,0,0,0,0,0,3,2
TOBG_NP_47,6,3,1,2,1,0,0,3
TOBG_NP_48,1,0,0,1,0,0,1,2
TOBG_NP_49,5,1,0,7,0,0,3,6
TOBG_NP_5,9,1,0,7,0,0,5,3
TOBG_NP_50,3,1,0,1,0,1,3,3
TOBG_NP_51,4,0,0,2,0,0,0,1
TOBG_NP_52,7,0,0,3,1,0,3,2
TOBG_NP_53,1,0,0,1,0,0,0,1
TOBG_NP_54,9,0,0,3,0,1,11,8
TOBG_NP_55,1,0,0,3,0,0,4,1
TOBG_NP_56,7,0,0,4,1,0,1,3
TOBG_NP_57,8,0,0,2,1,0,6,3
TOBG_NP_58,1,0,0,0,0,0,1,6
TOBG_NP_59,2,1,0,1,0,0,7,3
TOBG_NP_6,20,1,0,3,3,0,10,3
TOBG_NP_60,7,0,0,3,0,0,3,2
TOBG_NP_61,3,0,0,4,0,0,3,1
TOBG_NP_62,2,0,0,2,0,0,0,3
TOBG_NP_63,1,0,0,2,0,0,0,5
TOBG_NP_64,4,0,0,3,0,0,1,2
TOBG_NP_65,1,0,0,2,0,0,1,0
TOBG_NP_66,2,0,0,1,1,0,0,0
TOBG_NP_67,2,0,0,0,0,0,0,1
TOBG_NP_68,11,1,0,7,0,0,12,3
TOBG_NP_69,7,0,0,2,1,0,6,4
TOBG_NP_7,10,0,0,5,0,0,4,4
TOBG_NP_70,2,0,0,0,0,0,0,1
TOBG_NP_71,3,1,0,2,0,0,3,0
TOBG_NP_72,3,0,0,3,1,0,6,4
TOBG_NP_73,1,0,0,3,0,0,1,0
TOBG_NP_74,11,0,0,1,0,0,7,3
TOBG_NP_75,2,0,0,1,1,0,1,1
TOBG_NP_76,4,0,0,7,1,0,2,6
TOBG_NP_77,7,0,0,2,0,0,7,1
TOBG_NP_78,3,0,0,0,0,0,0,0
TOBG_NP_79,8,0,0,4,1,0,6,9
TOBG_NP_8,5,2,0,3,0,0,3,4
TOBG_NP_80,6,0,0,1,1,0,4,1
TOBG_NP_81,6,2,0,2,0,0,8,3
TOBG_NP_82,2,0,0,5,0,1,2,0
TOBG_NP_83,0,0,0,2,0,0,0,0
TOBG_NP_84,2,0,0,3,0,0,1,0
TOBG_NP_85,8,1,0,2,1,0,5,2
TOBG_NP_86,9,1,0,5,0,0,5,6
TOBG_NP_87,4,0,0,3,0,0,4,4
TOBG_NP_88,7,0,0,4,0,0,8,0
TOBG_NP_89,2,3,0,4,0,0,4,1
TOBG_NP_9,10,2,0,8,0,0,3,4
TOBG_NP_90,10,0,0,2,0,0,3,3
TOBG_NP_91,2,4,0,4,0,0,0,1
TOBG_NP_92,10,3,0,4,1,0,4,3
TOBG_NP_93,2,0,0,3,0,0,0,0
TOBG_NP_931,3,0,0,3,0,0,5,6
TOBG_NP_932,1,0,0,1,0,0,1,2
TOBG_NP_933,0,2,0,0,0,0,0,0
TOBG_NP_935,1,0,0,1,0,0,1,0
TOBG_NP_936,7,1,0,2,0,0,9,5
TOBG_NP_937,3,0,0,4,1,0,2,3
TOBG_NP_939,10,0,0,7,1,0,3,2
TOBG_NP_94,8,0,0,2,0,0,2,3
TOBG_NP_941,0,0,0,1,0,0,0,1
TOBG_NP_942,5,0,0,4,0,0,5,4
TOBG_NP_943,2,0,0,4,1,0,2,4
TOBG_NP_944,1,0,0,0,0,0,0,1
TOBG_NP_945,1,0,0,2,0,0,1,4
TOBG_NP_946,0,0,0,1,0,0,0,2
TOBG_NP_948,19,2,0,3,0,0,30,4
TOBG_NP_949,23,6,0,5,0,0,35,8
TOBG_NP_95,19,1,0,11,1,0,10,5
TOBG_NP_951,11,0,0,4,0,0,5,4
TOBG_NP_952,2,0,0,2,0,0,1,6
TOBG_NP_954,0,0,0,3,0,0,0,2
TOBG_NP_955,17,2,0,5,0,0,20,9
TOBG_NP_956,3,0,0,3,0,0,1,2
TOBG_NP_958,1,0,0,0,0,0,1,0
TOBG_NP_959,4,0,0,2,0,0,3,7
TOBG_NP_96,11,1,0,2,2,0,3,1
TOBG_NP_960,3,1,0,1,0,0,3,3
TOBG_NP_961,1,0,0,2,0,0,2,3
TOBG_NP_962,1,0,0,2,1,0,0,0
TOBG_NP_964,11,1,0,4,0,0,11,3
TOBG_NP_965,2,0,0,1,0,0,1,0
TOBG_NP_966,7,0,0,1,0,0,5,2
TOBG_NP_969,7,0,0,6,0,0,5,5
TOBG_NP_97,11,0,0,5,0,0,13,9
TOBG_NP_970,4,0,0,6,3,0,4,3
TOBG_NP_972,2,0,0,2,0,0,2,3
TOBG_NP_973,1,0,0,3,1,0,0,0
TOBG_NP_975,5,0,0,3,1,0,1,2
TOBG_NP_976,2,0,0,2,0,0,1,0
TOBG_NP_977,1,0,0,2,0,0,1,0
TOBG_NP_978,1,0,0,2,0,0,1,2
TOBG_NP_98,8,0,0,5,1,0,5,5
TOBG_NP_980,2,0,0,2,0,0,1,4
TOBG_NP_981,1,0,0,2,0,0,0,0
TOBG_NP_982,1,0,0,2,0,0,1,3
TOBG_NP_983,6,1,0,3,0,0,7,0
TOBG_NP_986,1,0,0,2,0,0,0,1
TOBG_NP_987,2,0,0,3,0,0,0,2
TOBG_NP_989,3,0,0,3,0,0,3,0
TOBG_NP_99,9,0,1,7,0,0,3,4
TOBG_NP_990,3,0,0,1,0,0,5,3
TOBG_NP_992,18,1,0,2,1,0,34,4
TOBG_NP_993,6,0,0,2,0,0,7,1
TOBG_NP_995,0,1,0,1,0,0,0,1
TOBG_NP_996,3,0,0,1,0,0,2,0
TOBG_NP_997,3,1,0,7,0,0,10,0
TOBG_NP_998,2,0,0,0,1,0,1,2
TOBG_RS_307,3,0,0,1,0,0,0,3
TOBG_RS_341,1,0,0,3,0,0,0,0
TOBG_RS_342,13,1,0,3,1,0,3,4
TOBG_RS_343,2,0,0,0,0,0,0,0
TOBG_RS_344,1,0,0,2,2,0,1,1
TOBG_RS_345,3,0,0,2,0,0,0,1
TOBG_RS_346,2,0,0,2,0,0,3,2
TOBG_RS_347,2,0,0,0,0,0,0,1
TOBG_RS_348,1,0,0,1,0,0,0,1
TOBG_RS_349,5,0,0,3,0,0,3,4
TOBG_RS_350,2,0,0,3,0,0,0,1
TOBG_RS_351,0,1,0,1,0,0,0,0
TOBG_RS_352,0,0,0,2,0,0,0,0
TOBG_RS_353,1,0,0,3,0,0,0,0
TOBG_RS_354,2,0,0,3,0,0,3,0
TOBG_RS_355,10,0,0,2,0,0,6,3
TOBG_RS_356,2,0,0,1,0,0,3,0
TOBG_RS_357,8,0,0,5,2,0,4,4
TOBG_RS_358,0,0,0,1,0,0,1,1
TOBG_RS_359,2,0,0,2,0,0,1,0
TOBG_RS_360,1,0,0,1,0,0,2,2
TOBG_RS_361,7,0,0,2,2,0,7,3
TOBG_RS_362,3,1,0,1,1,0,4,0
TOBG_RS_363,3,0,0,4,0,0,2,4
TOBG_RS_364,6,0,0,5,0,0,2,3
TOBG_RS_365,0,0,0,3,0,0,0,0
TOBG_RS_366,0,0,0,1,0,0,0,0
TOBG_RS_367,5,1,0,3,0,0,0,2
TOBG_RS_368,0,0,0,1,0,0,0,0
TOBG_RS_369,1,0,0,0,0,0,1,1
TOBG_RS_370,2,0,0,0,0,0,1,0
TOBG_RS_371,4,0,0,3,0,0,4,2
TOBG_RS_372,1,0,0,3,0,0,0,0
TOBG_RS_373,3,0,0,1,0,0,4,2
TOBG_RS_374,1,0,0,2,0,0,0,1
TOBG_RS_375,1,0,0,1,0,0,1,0
TOBG_RS_376,8,0,0,2,0,0,3,3
TOBG_RS_377,1,0,0,3,0,0,0,0
TOBG_RS_378,9,1,0,1,0,0,7,3
TOBG_RS_379,3,0,0,1,0,0,2,2
TOBG_RS_380,8,0,0,6,0,0,6,1
TOBG_RS_381,2,0,0,1,1,0,2,3
TOBG_RS_382,8,0,0,4,0,0,9,4
TOBG_RS_383,5,0,0,4,0,0,3,4
TOBG_RS_384,3,0,0,3,2,0,5,2
TOBG_RS_385,3,0,0,3,0,0,3,1
TOBG_RS_386,7,0,0,2,0,0,2,3
TOBG_RS_387,5,0,0,2,1,0,4,1
TOBG_RS_388,2,0,0,2,0,0,3,2
TOBG_RS_389,2,0,0,2,0,0,0,2
TOBG_RS_390,0,0,0,2,0,0,0,2
TOBG_RS_391,6,0,0,3,0,0,4,3
TOBG_RS_392,2,0,0,1,0,0,3,4
TOBG_RS_393,4,0,0,4,0,0,3,3
TOBG_RS_394,1,0,0,3,0,0,1,2
TOBG_RS_395,6,0,0,4,0,0,4,5
TOBG_RS_396,2,0,0,0,0,0,0,0
TOBG_RS_397,1,1,0,2,0,0,0,5
TOBG_RS_398,9,0,0,6,0,0,6,5
TOBG_RS_399,8,0,0,3,1,0,5,1
TOBG_RS_400,3,0,0,2,0,0,0,2
TOBG_RS_401,1,0,0,2,0,0,1,0
TOBG_RS_402,2,0,0,3,0,0,0,1
TOBG_RS_403,4,0,0,4,0,0,4,3
TOBG_RS_404,4,0,0,3,1,0,3,3
TOBG_RS_405,2,0,0,4,0,0,1,2
TOBG_RS_406,1,0,0,3,0,0,0,0
TOBG_RS_407,1,0,0,0,0,0,1,0
TOBG_RS_408,2,0,0,2,0,0,0,2
TOBG_RS_409,1,0,0,2,0,0,2,1
TOBG_RS_410,3,0,0,2,0,0,4,0
TOBG_RS_411,3,0,0,1,0,0,2,4
TOBG_RS_412,5,0,0,7,3,0,4,7
TOBG_RS_413,2,0,0,2,0,0,2,2
TOBG_RS_414,2,0,0,2,0,0,1,1
TOBG_RS_415,3,0,0,4,1,0,2,3
TOBG_RS_416,2,0,0,3,0,0,3,2
TOBG_RS_417,2,1,0,2,0,0,1,5
TOBG_RS_418,0,0,0,3,0,0,0,1
TOBG_RS_419,3,0,0,2,0,0,2,2
TOBG_RS_420,2,0,0,2,0,0,3,2
TOBG_RS_421,0,0,0,3,0,0,0,0
TOBG_RS_422,6,0,0,3,0,0,5,4
TOBG_RS_423,6,0,0,3,0,0,2,2
TOBG_RS_424,2,0,0,2,0,0,3,0
TOBG_RS_425,5,0,0,3,0,0,6,1
TOBG_RS_426,14,1,0,4,1,0,7,4
TOBG_RS_427,1,0,0,1,0,0,0,0
TOBG_RS_428,2,0,0,1,0,0,0,2
TOBG_RS_429,1,0,0,1,0,0,0,2
TOBG_RS_430,1,0,0,1,0,0,0,0
TOBG_RS_431,1,0,0,4,0,0,0,1
TOBG_RS_432,1,0,0,2,0,0,1,0
TOBG_RS_433,2,0,0,2,0,0,3,0
TOBG_RS_434,5,0,0,3,1,0,4,5
TOBG_RS_435,4,0,0,2,0,0,1,0
TOBG_RS_436,0,0,0,2,0,0,0,2
TOBG_RS_437,3,0,0,3,0,0,3,2
TOBG_RS_438,2,0,0,2,0,0,0,2
TOBG_RS_439,2,0,0,3,0,0,0,3
TOBG_RS_440,1,0,0,3,0,0,1,0
TOBG_RS_441,0,0,0,2,0,0,0,0
TOBG_RS_442,2,0,0,1,0,0,2,0
TOBG_RS_443,2,0,0,1,0,0,2,0
TOBG_RS_444,6,0,0,1,0,0,3,3
TOBG_RS_445,3,1,0,2,0,0,3,3
TOBG_RS_446,6,0,0,9,0,0,4,5
TOBG_RS_447,10,0,0,5,1,0,4,3
TOBG_RS_448,3,0,0,3,0,0,0,3
TOBG_RS_449,0,0,0,0,0,0,0,0
TOBG_RS_450,7,0,0,1,0,0,6,4
TOBG_RS_451,1,0,0,5,1,0,1,1
TOBG_RS_452,0,0,0,2,0,0,0,1
TOBG_RS_453,1,0,0,2,0,0,2,2
TOBG_RS_454,9,0,0,3,1,0,5,3
TOBG_RS_455,4,0,0,2,1,0,3,0
TOBG_RS_456,10,1,0,3,0,0,9,6
TOBG_RS_457,8,0,0,3,0,0,6,4
TOBG_RS_458,3,0,0,2,1,0,5,1
TOBG_RS_459,0,0,0,1,0,0,0,4
TOBG_RS_460,6,0,0,2,0,0,5,1
TOBG_RS_461,2,0,0,1,2,0,3,3
TOBG_RS_462,2,0,0,1,0,0,3,0
TOBG_RS_463,0,0,0,3,0,0,0,2
TOBG_RS_464,5,0,0,3,1,0,5,3
TOBG_RS_465,3,0,0,3,0,0,2,3
TOBG_RS_466,2,0,0,2,0,0,1,4
TOBG_RS_467,1,0,0,5,0,0,0,0
TOBG_RS_468,0,0,0,2,0,0,0,0
TOBG_RS_469,6,0,0,1,1,0,4,1
TOBG_RS_470,3,0,0,3,0,0,2,2
TOBG_RS_471,2,0,0,0,0,0,1,1
TOBG_RS_472,2,0,0,3,0,0,1,0
TOBG_RS_473,0,0,0,0,0,0,0,1
TOBG_RS_474,8,0,0,5,1,0,6,4
TOBG_RS_475,2,0,0,1,0,0,2,2
TOBG_RS_476,1,0,0,1,0,0,1,2
TOBG_RS_481,1,0,0,1,0,0,0,3
TOBG_RS_495,0,0,0,2,0,0,0,2
TOBG_RS_508,3,0,0,2,0,2,2,3
TOBG_RS_510,6,0,0,2,0,0,5,2
TOBG_RS_533,3,0,0,1,0,0,0,3
TOBG_RS_535,1,0,0,2,0,0,1,3
TOBG_RS_551,2,0,0,3,0,0,0,3
TOBG_RS_562,1,0,0,1,0,0,0,3
TOBG_RS_570,0,0,0,3,0,0,0,0
TOBG_RS_582,0,0,0,1,0,0,0,0
TOBG_RS_590,2,0,0,1,0,0,3,4
TOBG_RS_604,0,0,0,2,0,0,0,0
TOBG_RS_605,1,0,0,1,0,0,1,0
TOBG_RS_615,17,0,0,11,0,0,11,11
TOBG_RS_626,2,0,0,1,0,0,0,1
TOBG_RS_648,3,0,0,3,0,0,3,2
TOBG_RS_652,6,0,0,2,0,0,7,2
TOBG_RS_654,1,0,0,3,0,0,2,2
TOBG_RS_659,0,0,0,1,0,0,1,3
TOBG_RS_665,4,0,0,1,0,0,2,6
TOBG_RS_668,2,0,0,1,0,0,1,4
TOBG_RS_678,0,0,0,2,0,0,0,1
TOBG_RS_697,8,0,0,2,0,1,6,4
TOBG_RS_711,1,0,0,1,0,0,1,2
TOBG_RS_723,2,0,0,0,0,0,3,0
TOBG_RS_726,3,0,0,3,0,0,3,5
TOBG_RS_789,1,0,0,0,0,0,0,0
TOBG_RS_797,5,0,0,3,0,0,5,1
TOBG_RS_799,2,0,0,4,0,0,1,4
TOBG_RS_813,3,0,0,2,0,0,3,1
TOBG_RS_814,3,0,0,2,0,0,3,2
TOBG_RS_815,0,0,0,3,0,0,0,0
TOBG_RS_816,1,0,0,2,0,0,0,1
TOBG_RS_817,2,0,0,2,2,0,2,3
TOBG_RS_818,1,0,0,1,0,0,0,1
TOBG_RS_819,4,0,0,2,0,0,4,3
TOBG_RS_820,3,0,0,1,0,0,5,0
TOBG_RS_821,9,0,0,2,1,1,3,3
TOBG_RS_822,5,0,0,4,0,0,3,4
TOBG_RS_823,1,0,0,3,0,0,1,0
TOBG_RS_824,0,0,0,2,0,0,1,2
TOBG_RS_825,1,0,0,1,0,0,1,2
TOBG_RS_826,7,0,0,6,0,0,8,6
TOBG_SAT_1,3,0,0,7,1,0,1,4
TOBG_SAT_10,8,0,0,2,0,0,3,4
TOBG_SAT_100,1,0,0,0,0,0,0,0
TOBG_SAT_101,6,0,0,4,0,0,1,3
TOBG_SAT_102,0,0,0,2,0,0,0,0
TOBG_SAT_103,2,0,0,4,0,0,0,0
TOBG_SAT_104,2,4,0,4,0,0,0,1
TOBG_SAT_105,1,0,0,4,0,0,0,0
TOBG_SAT_106,3,4,0,5,0,0,0,2
TOBG_SAT_107,0,0,0,2,0,0,0,2
TOBG_SAT_108,5,0,0,4,0,0,2,5
TOBG_SAT_109,13,0,0,3,1,0,6,4
TOBG_SAT_11,1,0,0,1,0,0,2,0
TOBG_SAT_110,9,3,0,3,0,0,2,3
TOBG_SAT_111,12,1,0,2,0,0,6,6
TOBG_SAT_112,5,1,0,4,1,0,0,4
TOBG_SAT_113,13,0,0,3,0,0,5,5
TOBG_SAT_114,7,0,0,1,0,0,2,5
TOBG_SAT_115,10,0,0,2,0,0,2,3
TOBG_SAT_116,1,0,0,1,0,0,0,0
TOBG_SAT_117,2,1,0,5,1,0,0,1
TOBG_SAT_118,0,0,0,0,0,0,0,0
TOBG_SAT_119,2,0,0,4,0,0,1,2
TOBG_SAT_12,5,0,0,3,0,0,3,2
TOBG_SAT_120,4,1,0,6,0,0,3,1
TOBG_SAT_121,2,0,0,5,1,0,0,2
TOBG_SAT_122,1,0,0,2,0,0,0,0
TOBG_SAT_123,1,0,0,1,0,0,3,2
TOBG_SAT_124,2,0,0,2,0,0,3,3
TOBG_SAT_125,0,0,0,2,0,0,2,5
TOBG_SAT_126,6,0,0,2,0,0,2,3
TOBG_SAT_127,5,0,0,5,1,0,4,3
TOBG_SAT_128,12,0,0,3,1,1,2,3
TOBG_SAT_1289,0,0,0,3,0,0,0,1
TOBG_SAT_129,3,0,0,4,0,0,0,4
TOBG_SAT_1290,1,0,0,2,0,0,0,0
TOBG_SAT_13,2,0,0,2,0,0,3,2
TOBG_SAT_130,3,0,0,5,0,0,0,0
TOBG_SAT_1300,0,0,0,1,0,0,0,0
TOBG_SAT_1301,0,0,0,0,0,0,0,1
TOBG_SAT_1302,0,0,0,2,0,0,0,0
TOBG_SAT_1308,6,1,0,7,0,0,5,6
TOBG_SAT_1309,4,0,0,3,0,0,0,1
TOBG_SAT_131,2,0,0,1,0,0,1,0
TOBG_SAT_132,1,0,0,3,0,0,0,0
TOBG_SAT_1328,1,0,0,1,0,0,0,1
TOBG_SAT_1329,1,0,0,1,0,0,1,0
TOBG_SAT_133,2,0,0,1,0,0,0,3
TOBG_SAT_1331,3,0,0,2,0,0,3,9
TOBG_SAT_1332,2,0,0,6,3,0,3,3
TOBG_SAT_1333,2,0,0,2,2,0,2,0
TOBG_SAT_1339,5,1,0,3,0,0,8,0
TOBG_SAT_134,3,2,0,3,0,0,4,3
TOBG_SAT_1340,4,0,0,1,0,0,1,0
TOBG_SAT_1342,2,0,0,2,0,0,0,0
TOBG_SAT_1344,6,0,0,3,0,0,6,3
TOBG_SAT_1345,0,0,0,2,0,0,0,2
TOBG_SAT_1346,4,0,0,4,0,0,3,0
TOBG_SAT_1347,2,0,0,0,0,0,1,2
TOBG_SAT_135,1,0,0,4,0,0,0,0
TOBG_SAT_1356,6,0,0,2,0,0,0,2
TOBG_SAT_1358,3,0,0,1,0,0,1,3
TOBG_SAT_1359,2,0,0,1,0,0,1,2
TOBG_SAT_136,1,0,0,1,0,0,1,0
TOBG_SAT_1366,6,1,0,1,0,0,5,2
TOBG_SAT_1367,5,0,0,4,1,0,4,5
TOBG_SAT_1369,0,0,0,3,0,0,0,0
TOBG_SAT_137,2,0,0,2,0,0,0,0
TOBG_SAT_138,3,0,0,1,0,0,1,0
TOBG_SAT_1383,2,1,0,4,1,0,0,1
TOBG_SAT_1384,0,0,0,4,0,0,0,2
TOBG_SAT_1386,3,0,0,2,0,0,2,1
TOBG_SAT_1387,2,0,0,4,0,0,2,1
TOBG_SAT_1388,1,0,0,4,0,0,0,0
TOBG_SAT_139,0,3,0,1,0,0,0,2
TOBG_SAT_1390,1,0,0,1,0,0,1,0
TOBG_SAT_1391,5,0,0,4,0,0,7,0
TOBG_SAT_14,1,0,0,2,1,0,1,3
TOBG_SAT_140,2,1,0,5,0,0,0,0
TOBG_SAT_1401,3,0,1,6,0,0,0,2
TOBG_SAT_1403,3,0,0,1,0,0,2,2
TOBG_SAT_1404,0,0,0,1,0,0,0,1
TOBG_SAT_1405,2,0,0,4,0,0,2,1
TOBG_SAT_141,3,5,0,4,1,0,4,2
TOBG_SAT_1415,7,0,0,10,0,0,6,7
TOBG_SAT_1416,7,0,0,3,0,0,2,3
TOBG_SAT_142,5,0,0,3,1,0,3,0
TOBG_SAT_1429,1,0,0,3,1,0,1,1
TOBG_SAT_143,3,0,0,1,0,0,4,2
TOBG_SAT_1430,2,0,0,1,0,0,1,3
TOBG_SAT_1431,0,0,0,3,0,0,0,0
TOBG_SAT_1433,3,0,0,2,0,0,3,4
TOBG_SAT_1434,5,0,0,2,0,1,5,4
TOBG_SAT_144,5,0,0,1,0,0,4,2
TOBG_SAT_1446,1,0,0,3,0,0,0,1
TOBG_SAT_1448,3,0,0,2,0,0,4,2
TOBG_SAT_1449,8,0,0,4,2,0,7,4
TOBG_SAT_145,1,0,0,2,0,0,1,0
TOBG_SAT_1450,1,0,0,2,0,0,0,2
TOBG_SAT_1451,4,0,0,4,0,0,4,5
TOBG_SAT_146,2,1,0,3,0,0,0,3
TOBG_SAT_1460,3,0,0,1,0,0,3,0
TOBG_SAT_1461,0,0,0,1,0,0,0,2
TOBG_SAT_1462,0,0,0,4,1,0,0,5
TOBG_SAT_1464,2,0,0,2,0,0,1,0
TOBG_SAT_147,4,0,0,1,0,0,2,2
TOBG_SAT_1475,5,0,0,9,0,0,2,5
TOBG_SAT_1476,1,0,0,2,0,0,0,2
TOBG_SAT_148,6,0,0,2,1,0,1,1
TOBG_SAT_1485,1,0,0,1,0,0,1,0
TOBG_SAT_1487,2,0,0,1,1,0,1,3
TOBG_SAT_1488,0,0,0,2,0,0,0,2
TOBG_SAT_1489,2,0,0,2,0,0,2,2
TOBG_SAT_149,3,0,0,4,0,0,0,1
TOBG_SAT_15,3,0,0,4,0,0,6,1
TOBG_SAT_150,8,1,0,1,0,0,7,4
TOBG_SAT_1504,0,0,0,1,0,0,0,0
TOBG_SAT_1505,4,0,0,4,0,0,5,0
TOBG_SAT_1507,10,0,0,2,0,0,10,4
TOBG_SAT_1508,1,0,0,2,0,0,1,1
TOBG_SAT_1509,2,0,0,3,0,0,1,0
TOBG_SAT_151,5,0,0,3,0,0,5,2
TOBG_SAT_1510,1,0,0,2,0,0,1,0
TOBG_SAT_1517,4,0,0,6,0,0,5,2
TOBG_SAT_152,1,0,0,4,0,0,0,0
TOBG_SAT_153,3,0,0,3,0,0,2,1
TOBG_SAT_1530,1,0,0,3,0,0,0,1
TOBG_SAT_154,4,0,0,3,0,0,5,0
TOBG_SAT_155,2,0,0,2,0,0,1,3
TOBG_SAT_1551,1,1,0,1,0,0,0,7
TOBG_SAT_1553,2,0,0,2,0,0,1,0
TOBG_SAT_1554,1,0,0,2,0,0,1,0
TOBG_SAT_156,1,0,0,0,0,0,0,2
TOBG_SAT_1560,0,0,0,0,0,0,0,0
TOBG_SAT_1561,1,0,0,2,0,0,1,0
TOBG_SAT_1567,0,0,0,1,0,0,0,0
TOBG_SAT_1568,1,0,0,2,0,0,0,0
TOBG_SAT_157,1,0,0,2,0,0,1,0
TOBG_SAT_1576,0,0,0,2,0,0,0,2
TOBG_SAT_1578,2,0,0,1,1,0,2,3
TOBG_SAT_1579,1,0,0,1,0,0,2,2
TOBG_SAT_158,2,0,0,1,1,0,0,3
TOBG_SAT_1581,3,0,0,4,0,0,1,2
TOBG_SAT_1582,4,0,0,2,1,0,3,4
TOBG_SAT_1584,0,0,0,1,0,0,0,1
TOBG_SAT_1585,2,0,0,3,0,0,1,2
TOBG_SAT_159,4,0,0,4,0,0,4,2
TOBG_SAT_16,1,0,0,1,1,0,0,2
TOBG_SAT_160,0,0,0,3,0,0,0,0
TOBG_SAT_1607,1,0,0,3,0,0,0,1
TOBG_SAT_1608,7,0,0,2,0,0,4,2
TOBG_SAT_1609,6,0,0,5,0,0,6,3
TOBG_SAT_161,2,0,0,2,1,0,2,2
TOBG_SAT_1610,7,0,0,3,0,0,6,2
TOBG_SAT_1611,6,0,0,0,1,0,0,3
TOBG_SAT_1613,6,0,0,3,0,0,4,2
TOBG_SAT_1614,5,0,0,3,0,0,5,2
TOBG_SAT_162,5,0,0,6,0,0,1,4
TOBG_SAT_163,1,0,0,1,0,0,0,0
TOBG_SAT_164,0,0,0,2,0,0,0,0
TOBG_SAT_165,2,0,0,2,0,0,1,0
TOBG_SAT_166,0,0,0,0,0,0,0,3
TOBG_SAT_167,3,0,0,1,0,0,3,1
TOBG_SAT_168,1,0,0,1,0,0,0,2
TOBG_SAT_169,2,0,0,1,0,0,0,0
TOBG_SAT_17,4,0,0,1,0,0,3,3
TOBG_SAT_170,1,0,0,2,0,0,2,1
TOBG_SAT_171,3,0,0,2,0,0,2,0
TOBG_SAT_172,0,0,0,1,0,0,0,2
TOBG_SAT_173,1,0,0,4,0,0,0,0
TOBG_SAT_174,5,4,0,6,1,0,4,5
TOBG_SAT_175,2,0,0,4,0,0,0,0
TOBG_SAT_176,2,0,0,2,0,0,0,2
TOBG_SAT_177,5,2,0,1,0,0,4,3
TOBG_SAT_178,0,0,0,2,0,0,0,0
TOBG_SAT_179,3,0,0,5,0,0,0,1
TOBG_SAT_18,6,0,0,1,0,0,2,3
TOBG_SAT_180,2,0,1,5,0,0,1,2
TOBG_SAT_181,2,0,0,2,0,0,1,2
TOBG_SAT_182,2,0,0,1,0,0,4,2
TOBG_SAT_183,12,0,0,5,0,0,3,3
TOBG_SAT_184,1,0,0,1,6,0,0,1
TOBG_SAT_185,4,0,0,4,0,0,1,3
TOBG_SAT_186,1,0,0,2,0,0,1,2
TOBG_SAT_187,8,1,0,7,0,0,5,3
TOBG_SAT_188,1,0,0,4,0,0,2,2
TOBG_SAT_189,5,1,0,3,1,0,0,4
TOBG_SAT_19,7,0,0,4,0,0,2,3
TOBG_SAT_190,1,0,0,2,0,0,1,0
TOBG_SAT_191,2,0,0,2,0,0,2,2
TOBG_SAT_192,0,0,0,3,0,0,0,1
TOBG_SAT_193,2,0,0,1,0,0,0,1
TOBG_SAT_194,4,0,0,2,0,0,0,3
TOBG_SAT_195,1,0,0,3,1,0,1,1
TOBG_SAT_196,6,1,0,2,2,0,6,2
TOBG_SAT_197,0,0,0,1,0,0,0,2
TOBG_SAT_198,11,0,0,5,5,0,3,4
TOBG_SAT_199,0,0,0,1,0,0,0,1
TOBG_SAT_2,7,0,0,7,0,0,5,7
TOBG_SAT_20,8,2,0,3,0,0,2,4
TOBG_SAT_200,3,0,0,2,0,0,1,4
TOBG_SAT_201,2,0,0,1,0,0,1,4
TOBG_SAT_202,0,0,0,0,0,0,1,3
TOBG_SAT_203,2,0,0,1,0,0,2,2
TOBG_SAT_204,0,0,0,4,0,0,0,0
TOBG_SAT_205,2,0,0,2,0,0,1,0
TOBG_SAT_206,2,0,0,2,0,0,3,2
TOBG_SAT_207,2,0,0,0,0,0,2,0
TOBG_SAT_208,2,0,0,0,0,0,2,0
TOBG_SAT_209,2,0,0,0,0,0,1,4
TOBG_SAT_21,2,0,0,2,0,0,0,3
TOBG_SAT_210,1,0,0,0,0,0,0,0
TOBG_SAT_211,1,0,0,1,0,0,1,1
TOBG_SAT_212,2,0,0,0,0,0,1,2
TOBG_SAT_213,3,0,0,3,0,0,4,2
TOBG_SAT_214,0,0,0,1,0,0,0,0
TOBG_SAT_215,1,0,0,4,0,0,1,2
TOBG_SAT_216,2,0,0,1,0,0,3,0
TOBG_SAT_217,8,1,0,2,1,0,2,3
TOBG_SAT_218,1,0,0,2,0,0,0,0
TOBG_SAT_219,3,0,0,2,0,0,1,0
TOBG_SAT_22,2,1,0,3,0,0,1,2
TOBG_SAT_220,2,0,0,3,0,0,3,3
TOBG_SAT_221,3,0,0,2,0,0,2,3
TOBG_SAT_222,2,0,0,1,0,0,2,0
TOBG_SAT_223,1,0,0,2,0,0,0,3
TOBG_SAT_224,4,0,0,1,3,0,4,5
TOBG_SAT_225,5,0,0,2,0,0,1,2
TOBG_SAT_226,4,0,0,3,0,0,0,3
TOBG_SAT_227,2,0,0,2,0,0,1,2
TOBG_SAT_228,3,0,0,2,1,0,2,3
TOBG_SAT_229,0,0,0,1,0,0,0,0
TOBG_SAT_23,2,2,0,0,0,0,0,4
TOBG_SAT_230,20,1,0,6,1,0,7,4
TOBG_SAT_24,2,0,0,2,0,0,0,0
TOBG_SAT_25,2,0,0,2,0,0,0,1
TOBG_SAT_2587,4,0,0,1,1,0,0,4
TOBG_SAT_2594,2,0,0,1,0,0,0,0
TOBG_SAT_2595,2,0,0,2,0,0,1,1
TOBG_SAT_26,9,1,0,3,1,0,1,3
TOBG_SAT_2604,5,0,0,4,0,0,3,0
TOBG_SAT_2610,3,0,0,2,1,0,3,3
TOBG_SAT_2619,0,0,0,2,0,0,0,1
TOBG_SAT_2654,1,0,0,1,0,0,0,0
TOBG_SAT_2681,2,0,0,2,0,0,3,0
TOBG_SAT_2699,7,0,0,2,0,0,6,4
TOBG_SAT_27,5,3,0,6,0,0,3,5
TOBG_SAT_2701,3,0,0,4,1,0,2,0
TOBG_SAT_2727,1,0,0,0,0,0,2,2
TOBG_SAT_2731,0,0,0,0,0,0,0,0
TOBG_SAT_2734,1,0,0,1,0,0,0,2
TOBG_SAT_2750,2,0,0,0,1,0,1,2
TOBG_SAT_2751,0,0,0,2,0,0,0,0
TOBG_SAT_2755,7,0,0,4,0,0,5,3
TOBG_SAT_2756,2,0,0,2,0,0,0,1
TOBG_SAT_2766,0,1,1,3,0,0,1,0
TOBG_SAT_2781,1,0,0,1,0,0,1,0
TOBG_SAT_2787,2,0,0,2,0,0,1,0
TOBG_SAT_2788,3,0,0,4,0,0,1,1
TOBG_SAT_2797,0,0,0,2,0,0,0,0
TOBG_SAT_28,11,0,0,6,0,0,5,4
TOBG_SAT_2804,0,0,0,1,0,0,0,2
TOBG_SAT_2814,1,0,0,0,0,0,0,1
TOBG_SAT_2823,2,0,0,2,0,0,0,0
TOBG_SAT_2856,1,0,0,1,0,0,1,0
TOBG_SAT_2866,5,4,0,3,0,0,1,2
TOBG_SAT_29,0,0,0,4,0,0,0,0
TOBG_SAT_2910,3,0,0,1,0,0,1,5
TOBG_SAT_2911,1,0,0,1,0,0,1,3
TOBG_SAT_2956,1,0,0,3,0,0,1,2
TOBG_SAT_2963,0,0,0,0,0,0,0,1
TOBG_SAT_2971,1,0,0,2,1,0,1,0
TOBG_SAT_2981,1,0,0,4,0,0,1,2
TOBG_SAT_2985,0,0,0,1,0,0,0,1
TOBG_SAT_2989,1,1,0,0,0,0,0,0
TOBG_SAT_2990,0,0,0,0,0,0,0,0
TOBG_SAT_2998,1,0,0,4,0,0,0,0
TOBG_SAT_3,3,0,0,3,0,0,1,1
TOBG_SAT_30,1,0,0,5,0,0,0,0
TOBG_SAT_3008,5,0,0,3,0,0,4,3
TOBG_SAT_3021,3,0,0,5,0,0,1,1
TOBG_SAT_3034,1,0,0,3,0,0,0,0
TOBG_SAT_3048,1,0,0,0,0,0,0,0
TOBG_SAT_3076,2,0,0,2,0,0,3,2
TOBG_SAT_3078,2,0,0,2,0,0,0,2
TOBG_SAT_31,10,3,0,7,0,0,3,4
TOBG_SAT_32,5,0,0,2,0,0,4,1
TOBG_SAT_33,1,0,0,2,0,0,0,0
TOBG_SAT_34,3,0,0,3,1,0,1,2
TOBG_SAT_35,9,2,0,3,1,0,1,3
TOBG_SAT_36,2,0,0,0,0,0,1,4
TOBG_SAT_37,8,0,0,5,0,0,2,5
TOBG_SAT_38,1,0,0,3,0,0,1,0
TOBG_SAT_39,10,0,0,4,0,0,3,2
TOBG_SAT_4,8,0,0,8,1,0,5,10
TOBG_SAT_40,15,1,0,3,1,0,5,4
TOBG_SAT_41,1,0,0,3,0,0,0,0
TOBG_SAT_42,8,4,0,3,0,0,7,4
TOBG_SAT_43,3,1,0,5,0,0,0,0
TOBG_SAT_44,2,0,0,2,0,0,1,0
TOBG_SAT_45,6,0,0,2,0,0,2,5
TOBG_SAT_46,7,0,0,3,1,0,1,3
TOBG_SAT_47,2,0,0,2,0,0,1,2
TOBG_SAT_48,5,5,0,1,0,0,3,2
TOBG_SAT_49,3,1,0,4,0,0,0,1
TOBG_SAT_5,6,0,0,2,0,0,4,1
TOBG_SAT_50,6,0,0,3,0,0,1,2
TOBG_SAT_51,6,0,0,4,0,0,2,5
TOBG_SAT_52,14,0,0,5,0,0,5,5
TOBG_SAT_53,5,1,0,7,0,0,3,2
TOBG_SAT_54,14,1,0,7,0,0,10,5
TOBG_SAT_55,10,1,0,5,0,0,5,5
TOBG_SAT_56,1,0,0,2,1,0,0,1
TOBG_SAT_57,11,0,0,6,8,0,10,3
TOBG_SAT_58,8,3,0,3,0,0,3,2
TOBG_SAT_59,2,1,0,4,0,0,0,0
TOBG_SAT_6,12,2,0,5,1,0,5,1
TOBG_SAT_60,7,1,0,2,1,4,2,3
TOBG_SAT_61,12,0,0,1,0,0,6,4
TOBG_SAT_62,13,0,0,2,0,0,5,5
TOBG_SAT_63,12,2,0,3,1,0,2,4
TOBG_SAT_64,6,3,0,3,0,0,4,3
TOBG_SAT_65,2,0,0,4,0,0,0,0
TOBG_SAT_66,11,1,0,2,0,0,6,5
TOBG_SAT_67,2,1,0,4,0,0,0,1
TOBG_SAT_68,3,0,0,3,1,0,1,2
TOBG_SAT_69,1,1,0,4,1,0,0,4
TOBG_SAT_7,5,0,0,3,2,0,0,3
TOBG_SAT_70,3,0,0,3,1,0,1,2
TOBG_SAT_71,0,0,0,2,0,0,0,0
TOBG_SAT_72,0,0,0,2,0,0,0,0
TOBG_SAT_73,7,0,0,3,0,0,0,3
TOBG_SAT_74,5,0,0,2,0,0,1,3
TOBG_SAT_75,12,0,0,3,1,0,2,4
TOBG_SAT_76,0,0,0,2,0,0,0,0
TOBG_SAT_77,1,0,0,5,0,0,0,0
TOBG_SAT_78,0,0,0,1,0,0,0,1
TOBG_SAT_79,2,2,0,3,0,0,0,2
TOBG_SAT_8,9,0,0,5,1,0,3,5
TOBG_SAT_80,1,0,0,1,0,0,0,0
TOBG_SAT_81,2,0,0,0,0,0,0,0
TOBG_SAT_82,0,0,0,0,1,0,0,1
TOBG_SAT_83,3,1,0,2,0,0,0,3
TOBG_SAT_84,1,0,0,2,0,0,0,4
TOBG_SAT_85,13,0,0,2,0,0,6,4
TOBG_SAT_86,2,4,0,3,0,0,0,0
TOBG_SAT_87,10,1,1,7,0,0,3,4
TOBG_SAT_88,18,5,0,7,1,0,11,4
TOBG_SAT_89,7,0,0,9,1,0,3,3
TOBG_SAT_9,15,1,0,9,3,0,6,5
TOBG_SAT_90,5,0,0,3,0,0,6,5
TOBG_SAT_91,6,0,0,3,0,0,4,2
TOBG_SAT_92,9,3,0,5,1,0,5,3
TOBG_SAT_93,11,0,0,1,0,0,3,4
TOBG_SAT_94,1,0,0,2,0,0,1,0
TOBG_SAT_95,1,0,0,2,0,0,1,0
TOBG_SAT_96,0,0,0,4,0,0,0,4
TOBG_SAT_97,9,1,0,6,6,0,3,4
TOBG_SAT_98,6,0,0,2,2,0,2,4
TOBG_SAT_99,3,0,0,5,0,0,0,3
TOBG_SP_1,5,0,0,0,0,0,2,4
TOBG_SP_10,3,0,1,2,5,0,2,3
TOBG_SP_100,2,0,0,2,0,0,1,0
TOBG_SP_101,2,0,0,1,0,0,1,5
TOBG_SP_102,6,0,0,2,0,0,3,2
TOBG_SP_103,6,1,0,2,0,0,7,2
TOBG_SP_104,2,1,0,4,0,0,0,1
TOBG_SP_105,4,0,0,5,1,0,0,4
TOBG_SP_106,1,0,0,0,0,0,1,1
TOBG_SP_107,4,0,0,2,0,0,1,3
TOBG_SP_108,1,0,0,3,0,0,0,0
TOBG_SP_109,19,0,0,3,5,2,20,10
TOBG_SP_11,4,1,0,3,0,0,1,2
TOBG_SP_110,1,0,0,4,0,0,1,0
TOBG_SP_111,0,0,0,0,0,0,0,2
TOBG_SP_112,5,0,0,3,0,0,1,2
TOBG_SP_113,7,0,0,4,0,0,4,4
TOBG_SP_114,1,0,0,1,0,0,1,3
TOBG_SP_115,10,0,0,2,0,0,7,3
TOBG_SP_116,2,0,0,3,0,0,1,0
TOBG_SP_117,0,0,0,1,0,0,0,0
TOBG_SP_118,5,0,0,6,2,0,5,3
TOBG_SP_119,3,1,0,4,0,0,0,3
TOBG_SP_12,6,0,0,2,0,0,1,3
TOBG_SP_120,10,0,0,7,1,0,1,5
TOBG_SP_121,1,0,1,3,1,0,1,0
TOBG_SP_122,4,0,0,1,0,0,1,2
TOBG_SP_123,13,1,0,8,3,0,6,4
TOBG_SP_124,17,0,0,1,0,0,13,4
TOBG_SP_125,13,3,0,1,0,0,9,4
TOBG_SP_126,10,1,0,11,5,0,2,7
TOBG_SP_127,0,0,0,3,0,0,0,1
TOBG_SP_128,1,1,0,2,1,0,0,0
TOBG_SP_129,4,0,0,3,0,0,1,1
TOBG_SP_13,4,0,0,2,1,0,0,1
TOBG_SP_130,2,0,0,1,1,0,0,3
TOBG_SP_131,5,0,0,6,0,0,1,6
TOBG_SP_132,1,0,0,2,0,0,0,2
TOBG_SP_133,16,5,0,7,1,0,14,0
TOBG_SP_134,0,0,0,0,0,0,0,1
TOBG_SP_135,1,0,0,4,2,0,0,0
TOBG_SP_136,3,0,0,4,0,0,1,0
TOBG_SP_137,0,0,0,4,1,0,0,0
TOBG_SP_138,6,0,0,9,0,0,3,3
TOBG_SP_139,0,1,0,2,0,0,0,0
TOBG_SP_14,5,0,0,1,1,0,2,3
TOBG_SP_140,10,0,0,3,0,0,2,3
TOBG_SP_141,6,0,0,4,0,0,4,4
TOBG_SP_142,7,0,0,2,0,0,3,2
TOBG_SP_143,1,0,0,1,0,0,1,1
TOBG_SP_144,1,0,0,2,0,0,0,4
TOBG_SP_145,0,0,0,1,0,0,0,3
TOBG_SP_146,0,0,0,3,0,0,0,0
TOBG_SP_147,3,0,0,3,0,0,2,2
TOBG_SP_148,3,0,0,1,0,0,0,2
TOBG_SP_149,2,1,0,6,0,0,0,1
TOBG_SP_15,3,1,0,2,1,0,1,1
TOBG_SP_150,3,0,0,2,0,0,0,0
TOBG_SP_151,2,0,0,3,0,0,0,1
TOBG_SP_152,5,0,0,1,1,0,2,3
TOBG_SP_153,7,0,0,2,0,0,3,3
TOBG_SP_154,4,0,0,2,1,0,0,2
TOBG_SP_155,4,1,1,2,1,0,3,0
TOBG_SP_156,5,0,0,6,0,0,4,4
TOBG_SP_157,2,0,0,4,0,0,0,0
TOBG_SP_158,11,0,0,4,0,0,2,3
TOBG_SP_159,7,1,0,6,1,0,4,4
TOBG_SP_16,13,0,0,5,0,0,7,6
TOBG_SP_160,6,0,0,4,0,0,5,3
TOBG_SP_161,12,0,0,4,2,0,2,7
TOBG_SP_162,3,1,0,4,0,0,0,1
TOBG_SP_163,16,4,0,2,6,0,9,4
TOBG_SP_164,2,0,0,1,0,0,2,2
TOBG_SP_165,2,0,0,3,0,0,1,2
TOBG_SP_166,4,0,0,2,0,0,1,3
TOBG_SP_167,6,0,0,4,0,0,1,3
TOBG_SP_168,5,3,0,6,0,0,3,4
TOBG_SP_169,11,1,0,5,0,0,7,4
TOBG_SP_17,6,2,0,6,2,0,8,3
TOBG_SP_170,1,0,0,1,0,0,1,0
TOBG_SP_171,6,0,0,3,1,0,2,3
TOBG_SP_172,0,0,0,1,0,0,0,0
TOBG_SP_173,2,0,0,4,0,0,3,1
TOBG_SP_174,0,0,0,3,0,0,0,0
TOBG_SP_175,2,0,0,1,0,0,2,0
TOBG_SP_176,7,0,0,6,1,0,4,4
TOBG_SP_177,8,0,0,4,5,0,1,6
TOBG_SP_178,2,0,0,1,0,0,2,2
TOBG_SP_179,4,0,0,2,0,0,2,2
TOBG_SP_18,6,0,0,3,0,0,8,4
TOBG_SP_180,8,2,0,7,0,0,1,5
TOBG_SP_181,15,3,0,3,0,0,6,4
TOBG_SP_182,11,0,0,3,1,0,4,4
TOBG_SP_183,5,0,0,1,0,0,3,4
TOBG_SP_184,2,2,4,4,1,0,0,1
TOBG_SP_185,0,0,0,2,0,0,0,0
TOBG_SP_186,7,0,0,2,0,0,2,3
TOBG_SP_187,2,0,0,3,0,0,0,0
TOBG_SP_188,2,0,0,3,0,0,3,2
TOBG_SP_189,2,0,0,3,0,0,0,0
TOBG_SP_19,3,0,0,3,0,0,1,1
TOBG_SP_190,2,0,0,3,0,0,0,4
TOBG_SP_191,3,1,0,1,0,0,1,3
TOBG_SP_192,1,0,0,2,0,0,1,0
TOBG_SP_193,1,0,0,1,0,0,0,2
TOBG_SP_194,2,0,0,1,0,0,3,1
TOBG_SP_195,3,0,0,1,0,0,0,0
TOBG_SP_196,4,0,0,3,0,0,4,2
TOBG_SP_197,15,0,0,15,0,0,10,8
TOBG_SP_198,1,0,0,2,0,0,2,2
TOBG_SP_199,6,0,0,2,0,0,4,2
TOBG_SP_2,13,3,0,4,1,0,6,1
TOBG_SP_20,1,0,0,2,0,0,0,5
TOBG_SP_200,8,0,0,3,0,0,4,0
TOBG_SP_201,2,0,0,3,0,0,0,0
TOBG_SP_202,2,0,0,2,0,0,3,1
TOBG_SP_203,5,1,0,2,0,0,3,3
TOBG_SP_204,7,1,0,1,1,0,7,3
TOBG_SP_205,3,0,0,1,0,0,4,0
TOBG_SP_206,2,0,0,1,0,0,2,1
TOBG_SP_207,1,0,0,1,0,0,1,0
TOBG_SP_208,2,1,0,1,0,0,5,1
TOBG_SP_209,1,0,0,2,0,0,1,0
TOBG_SP_21,2,0,0,4,0,0,0,1
TOBG_SP_210,1,0,0,2,0,0,0,0
TOBG_SP_211,2,0,0,0,0,0,0,0
TOBG_SP_212,1,0,0,1,0,0,1,0
TOBG_SP_213,4,0,0,1,0,0,3,1
TOBG_SP_214,2,0,0,1,0,0,1,0
TOBG_SP_215,3,0,0,3,0,0,1,2
TOBG_SP_216,3,0,0,1,1,0,0,2
TOBG_SP_217,2,0,0,1,0,0,0,1
TOBG_SP_218,4,0,0,1,0,0,3,1
TOBG_SP_219,6,0,0,4,0,0,5,3
TOBG_SP_22,1,0,0,0,1,0,0,1
TOBG_SP_220,1,0,0,2,0,0,0,0
TOBG_SP_221,1,0,0,4,1,0,0,2
TOBG_SP_222,4,0,0,3,0,0,4,2
TOBG_SP_223,7,0,0,4,1,0,4,0
TOBG_SP_224,3,0,0,3,0,0,3,4
TOBG_SP_225,3,0,0,2,0,0,1,4
TOBG_SP_226,4,0,0,0,0,0,3,2
TOBG_SP_227,5,0,0,1,0,0,0,0
TOBG_SP_228,1,0,0,2,0,0,0,0
TOBG_SP_229,6,0,0,2,1,0,3,3
TOBG_SP_23,3,0,0,2,0,0,0,3
TOBG_SP_230,0,0,0,2,0,0,1,2
TOBG_SP_231,1,0,0,0,0,0,0,0
TOBG_SP_232,7,0,0,2,1,0,4,2
TOBG_SP_233,1,0,0,0,1,0,1,0
TOBG_SP_234,5,0,0,4,1,0,3,3
TOBG_SP_235,4,0,0,3,0,0,3,2
TOBG_SP_236,6,0,0,5,0,0,4,4
TOBG_SP_237,3,0,0,1,0,0,0,3
TOBG_SP_238,6,0,0,4,0,0,4,4
TOBG_SP_239,5,0,0,1,0,0,3,4
TOBG_SP_24,6,0,0,1,2,0,4,2
TOBG_SP_240,1,0,0,1,0,0,1,2
TOBG_SP_241,3,0,0,2,0,0,3,2
TOBG_SP_242,1,0,0,3,0,0,1,1
TOBG_SP_243,1,0,0,3,0,0,0,0
TOBG_SP_244,2,3,0,3,0,1,1,6
TOBG_SP_245,9,3,0,5,0,0,4,3
TOBG_SP_246,2,1,0,2,1,0,3,4
TOBG_SP_247,3,2,0,4,0,0,0,3
TOBG_SP_248,2,0,0,1,0,0,2,2
TOBG_SP_249,1,0,0,4,0,0,0,0
TOBG_SP_25,2,0,0,5,0,0,4,4
TOBG_SP_250,3,0,0,4,0,0,0,2
TOBG_SP_251,2,3,0,1,0,0,1,0
TOBG_SP_252,1,1,0,1,0,0,0,3
TOBG_SP_253,2,0,0,3,0,0,3,1
TOBG_SP_254,1,0,0,0,0,0,0,2
TOBG_SP_255,4,0,0,2,0,0,3,6
TOBG_SP_256,2,0,0,4,0,0,0,0
TOBG_SP_257,3,0,0,2,0,0,3,2
TOBG_SP_258,10,0,0,4,0,0,1,6
TOBG_SP_259,3,0,0,3,0,0,0,4
TOBG_SP_26,9,0,0,4,0,0,5,5
TOBG_SP_260,3,0,0,2,2,0,3,3
TOBG_SP_261,3,0,0,3,0,0,2,0
TOBG_SP_262,1,0,0,0,0,0,3,0
TOBG_SP_263,3,1,0,2,0,2,0,0
TOBG_SP_264,7,1,0,6,8,0,2,6
TOBG_SP_265,1,1,0,3,0,0,1,2
TOBG_SP_266,1,0,0,1,1,0,0,2
TOBG_SP_267,4,0,0,3,0,0,4,2
TOBG_SP_268,3,0,0,2,1,0,1,3
TOBG_SP_269,12,0,0,3,2,0,3,4
TOBG_SP_27,2,0,0,1,1,0,0,2
TOBG_SP_270,2,0,0,1,0,0,0,1
TOBG_SP_271,1,0,0,2,0,0,0,0
TOBG_SP_272,1,0,0,1,0,0,1,0
TOBG_SP_273,0,0,0,1,0,0,0,2
TOBG_SP_274,0,0,0,2,0,0,0,1
TOBG_SP_275,10,0,0,2,0,0,4,3
TOBG_SP_276,0,0,0,3,0,0,0,1
TOBG_SP_277,1,0,0,2,0,0,1,0
TOBG_SP_278,12,0,0,3,0,0,4,4
TOBG_SP_279,6,0,0,2,0,0,2,3
TOBG_SP_28,7,1,0,5,0,0,10,4
TOBG_SP_280,1,0,0,1,0,0,0,0
TOBG_SP_281,6,0,0,3,0,0,6,3
TOBG_SP_282,2,0,0,2,0,0,0,2
TOBG_SP_283,2,0,0,1,0,0,0,2
TOBG_SP_284,1,0,0,2,0,0,2,2
TOBG_SP_285,3,0,0,2,0,0,6,3
TOBG_SP_286,3,0,0,2,0,0,3,4
TOBG_SP_287,1,0,0,3,0,0,0,0
TOBG_SP_288,12,0,0,3,0,0,5,6
TOBG_SP_289,8,0,0,2,0,0,4,4
TOBG_SP_29,1,0,0,3,0,0,0,2
TOBG_SP_290,1,0,0,2,0,0,1,1
TOBG_SP_291,13,4,0,5,1,0,6,3
TOBG_SP_292,1,0,0,3,0,0,0,2
TOBG_SP_293,2,0,0,0,2,0,2,2
TOBG_SP_294,2,0,0,2,0,0,1,0
TOBG_SP_295,8,0,0,3,0,0,9,6
TOBG_SP_296,5,0,0,4,0,0,3,3
TOBG_SP_2968,1,0,0,1,0,0,1,0
TOBG_SP_297,1,0,0,2,0,0,1,0
TOBG_SP_2970,3,0,0,1,0,0,2,3
TOBG_SP_2971,6,0,0,5,1,0,4,0
TOBG_SP_2972,1,0,0,2,0,0,1,2
TOBG_SP_2974,1,3,0,5,0,0,0,1
TOBG_SP_2975,1,0,0,1,0,0,0,1
TOBG_SP_2976,2,0,0,3,0,0,0,6
TOBG_SP_2977,1,1,0,2,1,0,0,0
TOBG_SP_2978,3,0,0,6,0,0,1,6
TOBG_SP_2979,8,0,0,4,1,0,8,4
TOBG_SP_298,2,0,0,1,0,0,1,1
TOBG_SP_2981,5,0,0,2,0,0,2,2
TOBG_SP_2982,2,1,0,2,0,0,0,3
TOBG_SP_2983,1,0,0,2,0,0,0,0
TOBG_SP_2985,5,1,0,4,0,0,9,2
TOBG_SP_2986,7,0,0,2,0,0,8,2
TOBG_SP_2987,1,1,0,2,0,0,1,2
TOBG_SP_2989,0,0,0,1,0,0,0,0
TOBG_SP_299,3,0,0,1,0,0,3,2
TOBG_SP_2992,2,0,0,1,0,0,1,1
TOBG_SP_2993,9,0,0,7,3,0,6,3
TOBG_SP_2995,2,0,0,0,0,0,0,1
TOBG_SP_2997,6,0,0,3,1,0,4,1
TOBG_SP_2998,1,0,0,1,0,0,1,3
TOBG_SP_2999,4,1,0,5,0,0,3,2
TOBG_SP_3,12,0,0,2,1,0,6,3
TOBG_SP_30,1,0,0,1,1,0,2,1
TOBG_SP_300,5,4,0,5,2,0,2,6
TOBG_SP_3001,6,0,0,1,0,0,3,1
TOBG_SP_3003,5,1,0,4,1,0,8,0
TOBG_SP_3004,2,0,0,2,1,0,0,2
TOBG_SP_3005,9,1,0,4,1,0,4,2
TOBG_SP_3006,1,0,0,1,0,0,1,0
TOBG_SP_3007,0,0,0,2,0,0,0,0
TOBG_SP_3009,2,0,0,2,0,0,0,0
TOBG_SP_301,2,0,0,1,0,0,2,2
TOBG_SP_3010,1,0,0,1,0,0,1,0
TOBG_SP_3012,1,0,0,1,0,0,1,0
TOBG_SP_3013,2,0,0,0,2,0,3,4
TOBG_SP_3014,1,0,0,2,0,0,1,0
TOBG_SP_3016,4,0,0,2,0,0,1,2
TOBG_SP_3017,3,0,0,2,0,0,0,4
TOBG_SP_3018,3,1,0,3,1,0,0,3
TOBG_SP_302,9,2,0,6,0,0,3,4
TOBG_SP_3020,2,0,0,1,0,0,1,0
TOBG_SP_3021,3,0,0,4,0,0,1,4
TOBG_SP_3022,3,0,0,2,0,0,4,0
TOBG_SP_3023,2,0,0,1,0,0,0,2
TOBG_SP_3024,1,0,0,2,0,0,1,3
TOBG_SP_3025,1,0,0,2,0,0,1,0
TOBG_SP_3027,1,0,0,0,0,0,1,0
TOBG_SP_3028,2,0,0,3,0,0,0,2
TOBG_SP_3029,4,0,0,2,0,0,1,2
TOBG_SP_303,1,0,0,0,0,0,1,0
TOBG_SP_3030,3,0,0,5,0,0,0,4
TOBG_SP_3031,3,0,0,3,0,0,0,1
TOBG_SP_3034,0,0,0,1,0,0,0,0
TOBG_SP_3035,3,0,0,0,0,0,1,3
TOBG_SP_3036,1,0,0,1,0,0,2,4
TOBG_SP_3037,6,0,0,3,0,0,4,0
TOBG_SP_3038,2,0,0,2,0,0,1,2
TOBG_SP_304,9,0,0,1,0,0,8,3
TOBG_SP_3040,2,0,0,2,0,0,0,2
TOBG_SP_3041,4,0,0,1,0,0,4,2
TOBG_SP_3042,0,0,0,2,0,0,0,0
TOBG_SP_3044,2,0,0,3,0,0,1,4
TOBG_SP_3045,2,0,0,2,0,0,3,2
TOBG_SP_3046,2,0,0,1,0,0,0,4
TOBG_SP_3048,6,2,0,4,1,0,1,3
TOBG_SP_3049,1,0,0,0,0,0,0,0
TOBG_SP_305,1,0,0,3,0,0,0,0
TOBG_SP_3050,3,0,0,1,0,0,1,6
TOBG_SP_3051,2,0,0,2,0,0,1,0
TOBG_SP_3053,3,0,0,1,0,0,2,2
TOBG_SP_3054,0,0,0,2,0,0,0,0
TOBG_SP_3055,1,0,0,1,2,0,1,4
TOBG_SP_3056,0,0,0,1,0,0,0,0
TOBG_SP_3058,3,0,0,1,0,0,2,3
TOBG_SP_3059,1,0,0,2,0,0,1,0
TOBG_SP_306,6,0,0,4,0,0,6,3
TOBG_SP_3060,2,0,0,4,0,0,0,2
TOBG_SP_3061,3,0,0,1,0,0,2,2
TOBG_SP_3062,2,0,0,2,0,0,1,1
TOBG_SP_3063,1,0,0,3,0,0,1,0
TOBG_SP_3065,8,0,0,3,0,0,4,2
TOBG_SP_3066,2,0,0,2,0,0,1,0
TOBG_SP_3067,1,0,0,3,0,0,1,0
TOBG_SP_3068,0,0,0,1,0,0,0,0
TOBG_SP_3069,8,1,0,4,0,0,5,3
TOBG_SP_307,0,0,0,2,0,0,0,0
TOBG_SP_3070,10,0,0,7,2,0,6,5
TOBG_SP_3072,4,0,0,4,0,0,1,3
TOBG_SP_3073,2,0,0,5,0,0,0,0
TOBG_SP_3074,1,0,0,2,0,0,1,0
TOBG_SP_3075,0,0,0,3,0,0,0,0
TOBG_SP_3078,1,0,0,1,0,0,0,2
TOBG_SP_308,1,0,0,3,0,0,0,1
TOBG_SP_3081,1,0,0,2,0,0,0,2
TOBG_SP_3082,4,0,0,5,0,0,8,2
TOBG_SP_3083,5,1,0,3,1,0,3,6
TOBG_SP_3084,21,0,0,3,0,0,18,3
TOBG_SP_3086,2,0,0,1,0,0,0,2
TOBG_SP_3087,2,0,0,1,0,0,2,0
TOBG_SP_3088,2,0,0,1,0,0,2,0
TOBG_SP_3089,0,2,0,0,0,0,0,5
TOBG_SP_309,0,0,0,2,0,0,0,1
TOBG_SP_3091,3,0,0,6,0,0,1,4
TOBG_SP_3092,2,0,0,1,0,0,3,0
TOBG_SP_3093,1,0,0,2,0,0,1,0
TOBG_SP_3094,9,1,0,5,0,0,2,4
TOBG_SP_3096,1,0,0,2,0,0,1,4
TOBG_SP_3097,2,0,0,2,0,0,2,0
TOBG_SP_3098,2,0,0,1,0,0,0,2
TOBG_SP_31,3,2,0,5,0,0,0,0
TOBG_SP_310,2,0,0,2,1,0,1,4
TOBG_SP_3100,1,0,0,2,0,0,0,0
TOBG_SP_3101,1,0,0,1,0,0,0,0
TOBG_SP_3102,1,0,0,1,1,0,0,1
TOBG_SP_3103,7,0,0,5,1,0,4,3
TOBG_SP_3105,1,0,0,2,0,0,0,0
TOBG_SP_3106,5,1,0,3,0,0,3,5
TOBG_SP_3107,1,0,0,1,0,0,1,0
TOBG_SP_3109,1,0,0,4,0,0,0,0
TOBG_SP_311,5,1,0,1,0,0,5,1
TOBG_SP_3110,2,0,0,2,0,0,0,4
TOBG_SP_3111,4,0,0,1,0,0,3,0
TOBG_SP_3112,2,1,0,3,0,0,1,2
TOBG_SP_3114,0,0,0,1,0,0,0,2
TOBG_SP_3115,1,0,0,1,0,0,1,0
TOBG_SP_3117,0,0,0,1,0,0,0,0
TOBG_SP_3118,1,0,0,3,1,0,1,1
TOBG_SP_3119,2,0,0,2,0,0,0,0
TOBG_SP_312,8,0,0,3,0,0,4,4
TOBG_SP_313,0,0,0,0,0,0,0,4
TOBG_SP_314,1,0,0,2,0,0,1,0
TOBG_SP_315,1,0,0,0,0,0,0,1
TOBG_SP_316,4,0,0,2,0,0,4,3
TOBG_SP_317,1,0,0,1,1,0,0,1
TOBG_SP_318,2,0,0,3,1,0,0,0
TOBG_SP_319,2,0,0,3,0,0,2,2
TOBG_SP_32,18,2,0,5,0,0,3,4
TOBG_SP_320,2,0,0,2,0,0,3,0
TOBG_SP_321,2,0,0,2,0,0,2,2
TOBG_SP_322,1,0,0,1,0,0,1,0
TOBG_SP_323,0,0,0,2,0,0,0,0
TOBG_SP_324,3,0,0,1,0,0,0,2
TOBG_SP_325,1,0,0,3,0,0,1,5
TOBG_SP_326,0,0,0,1,0,0,0,0
TOBG_SP_327,0,0,0,0,0,0,0,0
TOBG_SP_328,0,0,0,2,0,0,0,1
TOBG_SP_329,4,0,0,3,0,0,1,0
TOBG_SP_33,10,2,0,3,1,0,8,6
TOBG_SP_330,2,0,0,3,0,0,0,2
TOBG_SP_331,1,0,0,2,0,0,1,5
TOBG_SP_332,5,3,1,2,1,0,0,3
TOBG_SP_333,8,0,0,3,1,0,1,4
TOBG_SP_334,2,0,0,1,0,0,2,3
TOBG_SP_335,3,0,0,3,0,0,7,4
TOBG_SP_336,3,0,0,0,0,0,3,1
TOBG_SP_337,2,0,0,4,0,0,1,0
TOBG_SP_338,2,0,0,1,0,0,1,0
TOBG_SP_339,1,0,0,2,0,0,0,0
TOBG_SP_34,3,1,0,4,0,0,7,3
TOBG_SP_340,7,1,0,9,0,0,7,8
TOBG_SP_341,2,0,0,3,0,0,0,0
TOBG_SP_342,5,0,0,3,0,0,5,3
TOBG_SP_343,3,0,0,2,0,0,4,2
TOBG_SP_344,2,0,0,2,0,0,2,2
TOBG_SP_345,12,4,0,3,0,0,5,1
TOBG_SP_346,6,0,0,2,0,0,5,2
TOBG_SP_347,8,0,0,2,0,0,3,3
TOBG_SP_348,4,0,0,3,0,0,3,0
TOBG_SP_349,7,0,0,3,2,0,2,2
TOBG_SP_35,10,2,0,7,0,0,11,6
TOBG_SP_350,5,2,0,3,0,0,3,4
TOBG_SP_351,9,0,0,5,2,0,6,3
TOBG_SP_352,5,0,0,2,0,0,4,2
TOBG_SP_353,3,0,0,0,1,0,0,3
TOBG_SP_354,12,0,0,5,1,0,7,8
TOBG_SP_355,0,0,0,1,0,0,0,0
TOBG_SP_356,6,0,0,4,0,0,2,5
TOBG_SP_357,1,0,0,2,0,0,0,0
TOBG_SP_358,5,0,0,1,0,0,3,5
TOBG_SP_359,2,0,0,1,0,0,0,3
TOBG_SP_36,6,1,0,3,1,0,4,2
TOBG_SP_360,11,0,0,4,0,0,9,4
TOBG_SP_361,2,0,0,0,0,0,1,2
TOBG_SP_362,4,0,0,1,0,0,3,4
TOBG_SP_37,9,0,0,3,2,0,1,5
TOBG_SP_38,3,0,0,1,0,0,3,4
TOBG_SP_39,2,0,0,4,0,0,0,0
TOBG_SP_3966,5,0,0,2,0,0,1,2
TOBG_SP_3971,0,0,0,2,0,0,0,1
TOBG_SP_3980,0,0,0,2,0,0,0,0
TOBG_SP_3982,7,0,0,2,0,0,3,4
TOBG_SP_3983,16,0,0,6,0,0,10,5
TOBG_SP_3984,3,0,0,2,0,0,4,2
TOBG_SP_3985,4,0,0,3,0,0,4,1
TOBG_SP_3992,1,1,0,0,0,0,0,1
TOBG_SP_4,6,0,0,2,2,0,3,3
TOBG_SP_40,0,0,0,2,0,0,0,0
TOBG_SP_4016,1,0,0,3,0,0,0,0
TOBG_SP_4021,5,0,0,2,0,0,3,3
TOBG_SP_4023,4,0,0,0,0,0,3,3
TOBG_SP_4025,1,0,0,4,0,0,0,0
TOBG_SP_4027,7,0,0,5,0,0,6,4
TOBG_SP_4032,0,0,0,0,0,0,0,2
TOBG_SP_4038,3,0,0,4,0,0,2,2
TOBG_SP_4039,4,0,0,2,0,0,1,0
TOBG_SP_4044,3,0,0,2,0,0,2,2
TOBG_SP_4045,2,0,0,1,0,0,3,4
TOBG_SP_4060,2,0,0,3,0,0,0,2
TOBG_SP_4073,1,0,0,0,0,0,1,1
TOBG_SP_4095,1,0,0,0,0,0,4,0
TOBG_SP_4097,2,1,0,3,0,0,0,1
TOBG_SP_41,2,0,0,0,0,0,0,1
TOBG_SP_4114,1,0,0,2,0,0,1,2
TOBG_SP_4145,1,0,0,0,0,0,1,0
TOBG_SP_4150,0,1,0,1,0,0,0,0
TOBG_SP_4154,0,0,0,3,0,0,0,1
TOBG_SP_4170,1,0,0,1,0,0,0,0
TOBG_SP_4189,0,0,0,3,0,0,0,2
TOBG_SP_42,2,0,0,1,0,0,2,0
TOBG_SP_4206,5,0,0,3,0,0,6,3
TOBG_SP_4215,1,0,0,2,0,0,1,0
TOBG_SP_4220,2,0,0,2,0,0,2,2
TOBG_SP_4222,0,0,0,1,0,0,2,0
TOBG_SP_4225,4,0,0,3,0,0,3,0
TOBG_SP_4236,1,0,0,1,0,0,2,2
TOBG_SP_4246,2,0,0,1,0,0,2,0
TOBG_SP_4248,2,1,0,1,1,0,2,1
TOBG_SP_4251,0,0,0,2,0,0,0,0
TOBG_SP_4258,3,0,0,2,0,0,0,3
TOBG_SP_4260,2,0,0,2,0,0,0,1
TOBG_SP_4269,1,0,0,3,0,0,0,0
TOBG_SP_4272,2,0,0,1,1,0,3,2
TOBG_SP_4275,3,0,0,2,0,0,3,1
TOBG_SP_4288,2,0,0,1,0,0,0,3
TOBG_SP_4291,5,1,0,1,0,0,5,0
TOBG_SP_4294,0,0,0,3,1,0,0,1
TOBG_SP_43,7,0,0,1,0,2,3,4
TOBG_SP_4300,0,0,0,1,0,0,0,2
TOBG_SP_4355,3,0,0,2,0,0,1,2
TOBG_SP_4356,1,0,0,2,0,0,1,3
TOBG_SP_4360,2,0,0,3,0,0,3,4
TOBG_SP_4365,1,0,0,6,2,0,1,0
TOBG_SP_4366,1,0,0,5,1,0,1,1
TOBG_SP_4369,3,0,0,2,0,0,0,0
TOBG_SP_4372,0,0,0,1,0,0,0,0
TOBG_SP_4374,2,0,0,3,0,0,2,2
TOBG_SP_4379,1,0,0,3,0,0,0,0
TOBG_SP_4380,1,0,0,2,0,0,1,3
TOBG_SP_4387,4,0,0,2,1,0,1,3
TOBG_SP_4388,5,0,0,3,0,0,3,0
TOBG_SP_44,4,0,0,3,1,0,0,4
TOBG_SP_45,7,0,0,2,0,0,2,4
TOBG_SP_46,0,0,0,1,0,0,0,0
TOBG_SP_47,1,0,0,3,1,0,0,0
TOBG_SP_48,7,0,0,2,0,0,2,2
TOBG_SP_486,1,0,0,2,0,0,1,2
TOBG_SP_49,5,0,0,2,2,0,6,0
TOBG_SP_5,3,0,0,2,1,0,1,4
TOBG_SP_50,0,0,0,2,0,0,0,5
TOBG_SP_51,2,0,0,3,0,0,0,0
TOBG_SP_52,1,0,0,0,1,0,1,3
TOBG_SP_53,2,0,0,2,0,0,0,0
TOBG_SP_54,1,0,0,2,0,0,0,0
TOBG_SP_55,1,0,0,1,0,0,0,1
TOBG_SP_56,2,0,0,4,0,0,0,1
TOBG_SP_57,10,0,0,4,0,0,4,5
TOBG_SP_58,1,0,0,2,0,0,0,3
TOBG_SP_59,12,3,0,2,1,0,4,3
TOBG_SP_6,3,0,0,2,0,0,1,4
TOBG_SP_60,10,0,0,2,0,0,2,3
TOBG_SP_61,3,3,0,5,1,0,3,4
TOBG_SP_62,3,0,0,4,0,0,0,1
TOBG_SP_63,2,1,0,5,1,0,0,2
TOBG_SP_64,12,0,0,4,0,0,1,4
TOBG_SP_65,0,0,0,3,0,0,0,1
TOBG_SP_66,1,0,0,2,0,0,1,0
TOBG_SP_67,2,0,0,2,0,0,1,0
TOBG_SP_68,3,0,0,0,0,0,2,4
TOBG_SP_69,2,0,0,2,0,0,3,2
TOBG_SP_7,2,0,0,2,0,0,0,2
TOBG_SP_70,8,0,0,7,0,0,2,3
TOBG_SP_71,1,0,0,4,0,0,0,0
TOBG_SP_72,3,0,0,2,0,0,2,1
TOBG_SP_73,4,0,0,2,0,0,0,3
TOBG_SP_74,2,1,0,3,0,0,0,2
TOBG_SP_75,3,2,0,5,0,0,0,2
TOBG_SP_76,3,1,0,4,0,0,0,1
TOBG_SP_77,3,3,0,5,0,0,3,3
TOBG_SP_78,0,0,0,2,0,0,0,1
TOBG_SP_79,0,0,0,2,0,0,0,0
TOBG_SP_8,11,0,0,3,0,0,9,3
TOBG_SP_80,1,0,0,2,0,0,0,0
TOBG_SP_81,4,0,0,2,0,0,2,3
TOBG_SP_82,2,0,0,4,0,0,1,0
TOBG_SP_83,4,0,0,3,1,0,3,1
TOBG_SP_84,3,0,0,4,2,0,3,3
TOBG_SP_85,2,0,0,2,0,0,1,2
TOBG_SP_86,1,1,0,4,0,0,0,1
TOBG_SP_87,4,0,0,2,0,0,4,2
TOBG_SP_88,3,0,0,2,0,0,1,0
TOBG_SP_89,5,0,0,2,0,0,4,3
TOBG_SP_9,1,0,0,2,0,0,0,0
TOBG_SP_90,1,0,0,2,1,0,0,2
TOBG_SP_91,1,0,0,1,0,0,1,2
TOBG_SP_92,6,1,0,3,0,0,8,0
TOBG_SP_93,7,2,0,3,0,0,3,4
TOBG_SP_94,3,0,0,1,0,0,2,3
TOBG_SP_95,0,0,0,3,0,0,0,0
TOBG_SP_96,1,0,0,5,0,0,1,0
TOBG_SP_97,11,1,0,5,0,0,1,6
TOBG_SP_98,5,0,0,3,1,0,0,2
TOBG_SP_99,0,0,0,2,0,0,0,0
